collected_at,route_id,route_name,current_min,avg_min,delta_min,status
2026-07-01T01:54:29Z,12,A59 → Kennedybrücke,5.7,6.9,-1.2,fast
2026-07-01T01:54:29Z,149,Kennedybrücke → A59,3.8,5.7,-1.9,fast
2026-07-01T01:54:29Z,14,Kölnstr. → Bertha,5.9,6.9,-1.0,fast
2026-07-01T06:13:21Z,12,A59 → Kennedybrücke,20.9,6.9,14.0,slow
2026-07-01T06:13:21Z,149,Kennedybrücke → A59,13,5.7,7.3,slow
2026-07-01T06:13:21Z,14,Kölnstr. → Bertha,10,6.9,3.1,moderate
2026-07-01T10:12:13Z,12,A59 → Kennedybrücke,11.7,6.9,4.8,slow
2026-07-01T10:12:13Z,149,Kennedybrücke → A59,9.4,5.7,3.7,slow
2026-07-01T10:12:13Z,14,Kölnstr. → Bertha,8.6,6.9,1.7,moderate
2026-07-01T12:46:22Z,12,A59 → Kennedybrücke,13.5,6.9,6.6,slow
2026-07-01T12:46:22Z,149,Kennedybrücke → A59,12.1,5.7,6.4,slow
2026-07-01T12:46:22Z,14,Kölnstr. → Bertha,12.2,6.9,5.3,slow
2026-07-01T15:29:46Z,12,A59 → Kennedybrücke,17.6,7,10.6,slow
2026-07-01T15:29:46Z,149,Kennedybrücke → A59,10.1,5.7,4.4,slow
2026-07-01T15:29:46Z,14,Kölnstr. → Bertha,15.3,6.9,8.4,slow
2026-07-01T17:28:04Z,12,A59 → Kennedybrücke,10.1,7,3.1,moderate
2026-07-01T17:28:04Z,149,Kennedybrücke → A59,7.3,5.7,1.6,moderate
2026-07-01T17:28:04Z,14,Kölnstr. → Bertha,11.9,6.9,5.0,slow
2026-07-01T19:16:38Z,12,A59 → Kennedybrücke,5.9,7,-1.1,fast
2026-07-01T19:16:38Z,149,Kennedybrücke → A59,5.3,5.7,-0.4,fast
2026-07-01T19:16:38Z,14,Kölnstr. → Bertha,5.5,6.9,-1.4,fast
2026-07-01T20:55:10Z,12,A59 → Kennedybrücke,5.9,7,-1.1,fast
2026-07-01T20:55:10Z,149,Kennedybrücke → A59,5.1,5.7,-0.6,fast
2026-07-01T20:55:10Z,14,Kölnstr. → Bertha,5.5,6.9,-1.4,fast
2026-07-01T22:09:42Z,12,A59 → Kennedybrücke,5.9,7,-1.1,fast
2026-07-01T22:09:42Z,149,Kennedybrücke → A59,4.6,5.7,-1.1,fast
2026-07-01T22:09:42Z,14,Kölnstr. → Bertha,5.5,6.9,-1.4,fast
2026-07-01T23:39:58Z,12,A59 → Kennedybrücke,5.9,7,-1.1,fast
2026-07-01T23:39:58Z,149,Kennedybrücke → A59,4.2,5.7,-1.5,fast
2026-07-01T23:39:58Z,14,Kölnstr. → Bertha,5.5,6.9,-1.4,fast
2026-07-02T01:35:39Z,12,A59 → Kennedybrücke,5.9,7,-1.1,fast
2026-07-02T01:35:39Z,149,Kennedybrücke → A59,4.2,5.7,-1.5,fast
2026-07-02T01:35:39Z,14,Kölnstr. → Bertha,5.5,6.9,-1.4,fast
2026-07-02T05:38:27Z,12,A59 → Kennedybrücke,13.9,7,6.9,slow
2026-07-02T05:38:27Z,149,Kennedybrücke → A59,9.1,5.7,3.4,slow
2026-07-02T05:38:27Z,14,Kölnstr. → Bertha,7.1,6.9,0.2,moderate
2026-07-02T08:31:09Z,12,A59 → Kennedybrücke,15.4,7,8.4,slow
2026-07-02T08:31:09Z,149,Kennedybrücke → A59,8.1,5.7,2.4,moderate
2026-07-02T08:31:09Z,14,Kölnstr. → Bertha,8.7,6.9,1.8,moderate
2026-07-02T11:08:29Z,12,A59 → Kennedybrücke,12.1,7,5.1,slow
2026-07-02T11:08:29Z,149,Kennedybrücke → A59,11.4,5.7,5.7,slow
2026-07-02T11:08:29Z,14,Kölnstr. → Bertha,10.3,6.9,3.4,moderate
2026-07-02T13:04:32Z,12,A59 → Kennedybrücke,18.5,7,11.5,slow
2026-07-02T13:04:32Z,149,Kennedybrücke → A59,11.9,5.8,6.1,slow
2026-07-02T13:04:32Z,14,Kölnstr. → Bertha,20.6,6.9,13.7,slow
2026-07-02T15:24:48Z,12,A59 → Kennedybrücke,18.6,7,11.6,slow
2026-07-02T15:24:48Z,149,Kennedybrücke → A59,13,5.8,7.2,slow
2026-07-02T15:24:48Z,14,Kölnstr. → Bertha,21,6.9,14.1,slow
2026-07-02T17:06:11Z,12,A59 → Kennedybrücke,15.3,7,8.3,slow
2026-07-02T17:06:11Z,149,Kennedybrücke → A59,12,5.8,6.2,slow
2026-07-02T17:06:11Z,14,Kölnstr. → Bertha,11.4,7,4.4,slow
2026-07-02T18:42:59Z,12,A59 → Kennedybrücke,7.6,7,0.6,moderate
2026-07-02T18:42:59Z,149,Kennedybrücke → A59,7.9,5.8,2.1,moderate
2026-07-02T18:42:59Z,14,Kölnstr. → Bertha,5.7,7,-1.3,fast
2026-07-02T20:06:59Z,12,A59 → Kennedybrücke,7.6,7,0.6,moderate
2026-07-02T20:06:59Z,149,Kennedybrücke → A59,5.9,5.8,0.1,moderate
2026-07-02T20:06:59Z,14,Kölnstr. → Bertha,5.7,7,-1.3,fast
2026-07-02T21:19:58Z,12,A59 → Kennedybrücke,7.6,7,0.6,moderate
2026-07-02T21:19:58Z,149,Kennedybrücke → A59,5.4,5.8,-0.4,fast
2026-07-02T21:19:58Z,14,Kölnstr. → Bertha,5.7,7,-1.3,fast
2026-07-02T22:29:56Z,12,A59 → Kennedybrücke,7.6,7,0.6,moderate
2026-07-02T22:29:56Z,149,Kennedybrücke → A59,4.6,5.8,-1.2,fast
2026-07-02T22:29:56Z,14,Kölnstr. → Bertha,5.7,7,-1.3,fast
2026-07-02T23:36:35Z,12,A59 → Kennedybrücke,7.6,7,0.6,moderate
2026-07-02T23:36:35Z,149,Kennedybrücke → A59,4.4,5.8,-1.4,fast
2026-07-02T23:36:35Z,14,Kölnstr. → Bertha,5.7,7,-1.3,fast
2026-07-03T01:13:03Z,12,A59 → Kennedybrücke,7.6,7,0.6,moderate
2026-07-03T01:13:03Z,149,Kennedybrücke → A59,4,5.8,-1.8,fast
2026-07-03T01:13:03Z,14,Kölnstr. → Bertha,5.7,7,-1.3,fast
2026-07-03T04:55:48Z,12,A59 → Kennedybrücke,7.6,7,0.6,moderate
2026-07-03T04:55:48Z,149,Kennedybrücke → A59,6.2,5.8,0.4,moderate
2026-07-03T04:55:48Z,14,Kölnstr. → Bertha,5.7,7,-1.3,fast
2026-07-03T07:53:39Z,12,A59 → Kennedybrücke,8.5,7,1.5,moderate
2026-07-03T07:53:39Z,149,Kennedybrücke → A59,9.7,5.8,3.9,slow
2026-07-03T07:53:39Z,14,Kölnstr. → Bertha,8.4,7,1.4,moderate
2026-07-03T10:22:26Z,12,A59 → Kennedybrücke,11.8,7,4.8,slow
2026-07-03T10:22:26Z,149,Kennedybrücke → A59,9.5,5.8,3.7,slow
2026-07-03T10:22:26Z,14,Kölnstr. → Bertha,7.9,7,0.9,moderate
2026-07-03T12:21:58Z,12,A59 → Kennedybrücke,15.3,7,8.3,slow
2026-07-03T12:21:58Z,149,Kennedybrücke → A59,9.1,5.8,3.3,slow
2026-07-03T12:21:58Z,14,Kölnstr. → Bertha,10.9,7,3.9,slow
2026-07-03T14:34:47Z,12,A59 → Kennedybrücke,15.9,7,8.9,slow
2026-07-03T14:34:47Z,149,Kennedybrücke → A59,9.4,5.8,3.6,slow
2026-07-03T14:34:47Z,14,Kölnstr. → Bertha,14.3,7,7.3,slow
2026-07-03T16:08:29Z,12,A59 → Kennedybrücke,10.3,7,3.3,moderate
2026-07-03T16:08:29Z,149,Kennedybrücke → A59,9.8,5.8,4.0,slow
2026-07-03T16:08:29Z,14,Kölnstr. → Bertha,7.6,7,0.6,moderate
2026-07-03T17:43:32Z,12,A59 → Kennedybrücke,8.5,7,1.5,moderate
2026-07-03T17:43:32Z,149,Kennedybrücke → A59,8.2,5.8,2.4,moderate
2026-07-03T17:43:32Z,14,Kölnstr. → Bertha,8.1,7,1.1,moderate
2026-07-03T18:49:55Z,12,A59 → Kennedybrücke,7.2,7,0.2,moderate
2026-07-03T18:49:55Z,149,Kennedybrücke → A59,7.1,5.8,1.3,moderate
2026-07-03T18:49:55Z,14,Kölnstr. → Bertha,5.8,7,-1.2,fast
2026-07-03T20:04:57Z,12,A59 → Kennedybrücke,7.2,7,0.2,moderate
2026-07-03T20:04:57Z,149,Kennedybrücke → A59,6.5,5.8,0.7,moderate
2026-07-03T20:04:57Z,14,Kölnstr. → Bertha,5.8,7,-1.2,fast
2026-07-03T21:18:04Z,12,A59 → Kennedybrücke,7.2,7,0.2,moderate
2026-07-03T21:18:04Z,149,Kennedybrücke → A59,6.1,5.8,0.3,moderate
2026-07-03T21:18:04Z,14,Kölnstr. → Bertha,5.8,7,-1.2,fast
2026-07-03T22:17:41Z,12,A59 → Kennedybrücke,7.2,7,0.2,moderate
2026-07-03T22:17:41Z,149,Kennedybrücke → A59,4.9,5.8,-0.9,fast
2026-07-03T22:17:41Z,14,Kölnstr. → Bertha,5.8,7,-1.2,fast
2026-07-03T23:19:40Z,12,A59 → Kennedybrücke,7.2,7,0.2,moderate
2026-07-03T23:19:40Z,149,Kennedybrücke → A59,4.7,5.8,-1.1,fast
2026-07-03T23:19:40Z,14,Kölnstr. → Bertha,5.8,7,-1.2,fast
2026-07-04T00:18:43Z,12,A59 → Kennedybrücke,7.2,7,0.2,moderate
2026-07-04T00:18:43Z,149,Kennedybrücke → A59,4.4,5.8,-1.4,fast
2026-07-04T00:18:43Z,14,Kölnstr. → Bertha,5.8,7,-1.2,fast
2026-07-04T04:05:09Z,12,A59 → Kennedybrücke,4.1,7,-2.9,fast
2026-07-04T04:05:09Z,149,Kennedybrücke → A59,4.1,5.8,-1.7,fast
2026-07-04T04:05:09Z,14,Kölnstr. → Bertha,3.7,7,-3.3,fast
2026-07-04T06:55:04Z,12,A59 → Kennedybrücke,5.4,7,-1.6,fast
2026-07-04T06:55:04Z,149,Kennedybrücke → A59,5.5,5.8,-0.3,fast
2026-07-04T06:55:04Z,14,Kölnstr. → Bertha,4.2,7,-2.8,fast
2026-07-04T09:11:41Z,12,A59 → Kennedybrücke,14.5,7,7.5,slow
2026-07-04T09:11:41Z,149,Kennedybrücke → A59,10.1,5.8,4.3,slow
2026-07-04T09:11:41Z,14,Kölnstr. → Bertha,6.1,7,-0.9,fast
2026-07-04T10:59:40Z,12,A59 → Kennedybrücke,15.1,7,8.1,slow
2026-07-04T10:59:40Z,149,Kennedybrücke → A59,9.5,5.8,3.7,slow
2026-07-04T10:59:40Z,14,Kölnstr. → Bertha,7.3,7,0.3,moderate
2026-07-04T12:06:23Z,12,A59 → Kennedybrücke,11.7,7,4.7,slow
2026-07-04T12:06:23Z,149,Kennedybrücke → A59,12.8,5.8,7.0,slow
2026-07-04T12:06:23Z,14,Kölnstr. → Bertha,8.1,7,1.1,moderate
2026-07-04T13:53:54Z,12,A59 → Kennedybrücke,12.3,7,5.3,slow
2026-07-04T13:53:54Z,149,Kennedybrücke → A59,7.6,5.8,1.8,moderate
2026-07-04T13:53:54Z,14,Kölnstr. → Bertha,11.1,7,4.1,slow
2026-07-04T14:54:53Z,12,A59 → Kennedybrücke,15.4,7,8.4,slow
2026-07-04T14:54:53Z,149,Kennedybrücke → A59,8.7,5.8,2.9,slow
2026-07-04T14:54:53Z,14,Kölnstr. → Bertha,9.9,7,2.9,moderate
2026-07-04T15:51:09Z,12,A59 → Kennedybrücke,9.3,7.1,2.2,moderate
2026-07-04T15:51:09Z,149,Kennedybrücke → A59,9.3,5.8,3.5,slow
2026-07-04T15:51:09Z,14,Kölnstr. → Bertha,8.2,7,1.2,moderate
2026-07-04T16:44:59Z,12,A59 → Kennedybrücke,11.9,7.1,4.8,slow
2026-07-04T16:44:59Z,149,Kennedybrücke → A59,9.5,5.8,3.7,slow
2026-07-04T16:44:59Z,14,Kölnstr. → Bertha,10.9,7,3.9,slow
2026-07-04T17:45:15Z,12,A59 → Kennedybrücke,14.7,7.1,7.6,slow
2026-07-04T17:45:15Z,149,Kennedybrücke → A59,8.9,5.8,3.1,slow
2026-07-04T17:45:15Z,14,Kölnstr. → Bertha,9.5,7,2.5,moderate
2026-07-04T18:41:25Z,12,A59 → Kennedybrücke,7.2,7.1,0.1,moderate
2026-07-04T18:41:25Z,149,Kennedybrücke → A59,6.3,5.8,0.5,moderate
2026-07-04T18:41:25Z,14,Kölnstr. → Bertha,5.9,7,-1.1,fast
2026-07-04T19:51:11Z,12,A59 → Kennedybrücke,7.2,7.1,0.1,moderate
2026-07-04T19:51:11Z,149,Kennedybrücke → A59,5.3,5.8,-0.5,fast
2026-07-04T19:51:11Z,14,Kölnstr. → Bertha,5.9,7,-1.1,fast
2026-07-04T20:38:31Z,12,A59 → Kennedybrücke,7.2,7.1,0.1,moderate
2026-07-04T20:38:31Z,149,Kennedybrücke → A59,6.5,5.8,0.7,moderate
2026-07-04T20:38:31Z,14,Kölnstr. → Bertha,5.9,7,-1.1,fast
2026-07-04T21:34:34Z,12,A59 → Kennedybrücke,7.2,7.1,0.1,moderate
2026-07-04T21:34:34Z,149,Kennedybrücke → A59,7.1,5.8,1.3,moderate
2026-07-04T21:34:34Z,14,Kölnstr. → Bertha,5.9,7,-1.1,fast
2026-07-04T22:32:26Z,12,A59 → Kennedybrücke,7.2,7.1,0.1,moderate
2026-07-04T22:32:26Z,149,Kennedybrücke → A59,5.3,5.8,-0.5,fast
2026-07-04T22:32:26Z,14,Kölnstr. → Bertha,5.9,7,-1.1,fast
2026-07-04T23:33:38Z,12,A59 → Kennedybrücke,7.2,7.1,0.1,moderate
2026-07-04T23:33:38Z,149,Kennedybrücke → A59,5.5,5.8,-0.3,fast
2026-07-04T23:33:38Z,14,Kölnstr. → Bertha,5.9,7,-1.1,fast
2026-07-05T01:18:10Z,12,A59 → Kennedybrücke,7.2,7.1,0.1,moderate
2026-07-05T01:18:10Z,149,Kennedybrücke → A59,4.6,5.8,-1.2,fast
2026-07-05T01:18:10Z,14,Kölnstr. → Bertha,5.9,7,-1.1,fast
2026-07-05T05:09:56Z,12,A59 → Kennedybrücke,4.2,7.1,-2.9,fast
2026-07-05T05:09:56Z,149,Kennedybrücke → A59,4.4,5.8,-1.4,fast
2026-07-05T05:09:56Z,14,Kölnstr. → Bertha,3.8,7,-3.2,fast
2026-07-05T08:12:21Z,12,A59 → Kennedybrücke,5.7,7.1,-1.4,fast
2026-07-05T08:12:21Z,149,Kennedybrücke → A59,5.7,5.8,-0.1,fast
2026-07-05T08:12:21Z,14,Kölnstr. → Bertha,4.7,7,-2.3,fast
2026-07-05T10:26:49Z,12,A59 → Kennedybrücke,6.4,7.1,-0.7,fast
2026-07-05T10:26:49Z,149,Kennedybrücke → A59,8.7,5.8,2.9,slow
2026-07-05T10:26:49Z,14,Kölnstr. → Bertha,5.7,7,-1.3,fast
2026-07-05T11:51:39Z,12,A59 → Kennedybrücke,9.1,7.1,2.0,moderate
2026-07-05T11:51:39Z,149,Kennedybrücke → A59,8.5,5.8,2.7,moderate
2026-07-05T11:51:39Z,14,Kölnstr. → Bertha,5.3,7,-1.7,fast
2026-07-05T12:57:36Z,12,A59 → Kennedybrücke,8.5,7.1,1.4,moderate
2026-07-05T12:57:36Z,149,Kennedybrücke → A59,7.5,5.8,1.7,moderate
2026-07-05T12:57:36Z,14,Kölnstr. → Bertha,8.9,7,1.9,moderate
2026-07-05T14:26:42Z,12,A59 → Kennedybrücke,6.3,7.1,-0.8,fast
2026-07-05T14:26:42Z,149,Kennedybrücke → A59,7.7,5.8,1.9,moderate
2026-07-05T14:26:42Z,14,Kölnstr. → Bertha,5.7,7,-1.3,fast
2026-07-05T15:43:41Z,12,A59 → Kennedybrücke,9.5,7.1,2.4,moderate
2026-07-05T15:43:41Z,149,Kennedybrücke → A59,7.4,5.8,1.6,moderate
2026-07-05T15:43:41Z,14,Kölnstr. → Bertha,6.6,7,-0.4,fast
2026-07-05T16:43:09Z,12,A59 → Kennedybrücke,8.9,7.1,1.8,moderate
2026-07-05T16:43:09Z,149,Kennedybrücke → A59,7.3,5.8,1.5,moderate
2026-07-05T16:43:09Z,14,Kölnstr. → Bertha,6.2,7,-0.8,fast
2026-07-05T17:44:07Z,12,A59 → Kennedybrücke,7.7,7.1,0.6,moderate
2026-07-05T17:44:07Z,149,Kennedybrücke → A59,7.2,5.8,1.4,moderate
2026-07-05T17:44:07Z,14,Kölnstr. → Bertha,6.3,7,-0.7,fast
2026-07-05T18:44:38Z,12,A59 → Kennedybrücke,5.7,7.1,-1.4,fast
2026-07-05T18:44:38Z,149,Kennedybrücke → A59,6.6,5.8,0.8,moderate
2026-07-05T18:44:38Z,14,Kölnstr. → Bertha,5.3,7,-1.7,fast
2026-07-05T19:57:48Z,12,A59 → Kennedybrücke,5.7,7.1,-1.4,fast
2026-07-05T19:57:48Z,149,Kennedybrücke → A59,5.4,5.8,-0.4,fast
2026-07-05T19:57:48Z,14,Kölnstr. → Bertha,5.3,7,-1.7,fast
2026-07-05T20:51:19Z,12,A59 → Kennedybrücke,5.7,7.1,-1.4,fast
2026-07-05T20:51:19Z,149,Kennedybrücke → A59,4.8,5.8,-1.0,fast
2026-07-05T20:51:19Z,14,Kölnstr. → Bertha,5.3,7,-1.7,fast
2026-07-05T21:44:35Z,12,A59 → Kennedybrücke,5.7,7.1,-1.4,fast
2026-07-05T21:44:35Z,149,Kennedybrücke → A59,4.5,5.8,-1.3,fast
2026-07-05T21:44:35Z,14,Kölnstr. → Bertha,5.3,7,-1.7,fast
2026-07-05T22:39:35Z,12,A59 → Kennedybrücke,5.7,7.1,-1.4,fast
2026-07-05T22:39:35Z,149,Kennedybrücke → A59,4.3,5.8,-1.5,fast
2026-07-05T22:39:35Z,14,Kölnstr. → Bertha,5.3,7,-1.7,fast
2026-07-05T23:40:32Z,12,A59 → Kennedybrücke,5.7,7.1,-1.4,fast
2026-07-05T23:40:32Z,149,Kennedybrücke → A59,4.1,5.8,-1.7,fast
2026-07-05T23:40:32Z,14,Kölnstr. → Bertha,5.3,7,-1.7,fast
2026-07-06T01:21:14Z,12,A59 → Kennedybrücke,5.7,7.1,-1.4,fast
2026-07-06T01:21:14Z,149,Kennedybrücke → A59,4.1,5.8,-1.7,fast
2026-07-06T01:21:14Z,14,Kölnstr. → Bertha,5.3,7,-1.7,fast
2026-07-06T05:39:38Z,12,A59 → Kennedybrücke,11.8,7.1,4.7,slow
2026-07-06T05:39:38Z,149,Kennedybrücke → A59,10.9,5.8,5.1,slow
2026-07-06T05:39:38Z,14,Kölnstr. → Bertha,8.4,7,1.4,moderate
2026-07-06T09:39:41Z,12,A59 → Kennedybrücke,10.6,7.1,3.5,moderate
2026-07-06T09:39:41Z,149,Kennedybrücke → A59,9.2,5.8,3.4,slow
2026-07-06T09:39:41Z,14,Kölnstr. → Bertha,7.6,7,0.6,moderate
2026-07-06T13:07:09Z,12,A59 → Kennedybrücke,13,7.1,5.9,slow
2026-07-06T13:07:09Z,149,Kennedybrücke → A59,10.7,5.8,4.9,slow
2026-07-06T13:07:09Z,14,Kölnstr. → Bertha,15.9,7,8.9,slow
2026-07-06T16:27:49Z,12,A59 → Kennedybrücke,13.1,7.1,6.0,slow
2026-07-06T16:27:49Z,149,Kennedybrücke → A59,10.2,5.8,4.4,slow
2026-07-06T16:27:49Z,14,Kölnstr. → Bertha,11.8,7,4.8,slow
2026-07-06T18:24:31Z,12,A59 → Kennedybrücke,6.4,7.1,-0.7,fast
2026-07-06T18:24:31Z,149,Kennedybrücke → A59,6.9,5.8,1.1,moderate
2026-07-06T18:24:31Z,14,Kölnstr. → Bertha,5.2,7,-1.8,fast
2026-07-06T20:18:46Z,12,A59 → Kennedybrücke,6.4,7.1,-0.7,fast
2026-07-06T20:18:46Z,149,Kennedybrücke → A59,5,5.8,-0.8,fast
2026-07-06T20:18:46Z,14,Kölnstr. → Bertha,5.2,7,-1.8,fast
2026-07-06T21:49:43Z,12,A59 → Kennedybrücke,6.4,7.1,-0.7,fast
2026-07-06T21:49:43Z,149,Kennedybrücke → A59,5.3,5.8,-0.5,fast
2026-07-06T21:49:43Z,14,Kölnstr. → Bertha,5.2,7,-1.8,fast
2026-07-06T22:49:51Z,12,A59 → Kennedybrücke,6.4,7.1,-0.7,fast
2026-07-06T22:49:51Z,149,Kennedybrücke → A59,5,5.8,-0.8,fast
2026-07-06T22:49:51Z,14,Kölnstr. → Bertha,5.2,7,-1.8,fast
2026-07-06T23:49:08Z,12,A59 → Kennedybrücke,6.4,7.1,-0.7,fast
2026-07-06T23:49:08Z,149,Kennedybrücke → A59,4.3,5.8,-1.5,fast
2026-07-06T23:49:08Z,14,Kölnstr. → Bertha,5.2,7,-1.8,fast
2026-07-07T01:26:11Z,12,A59 → Kennedybrücke,6.4,7.1,-0.7,fast
2026-07-07T01:26:11Z,149,Kennedybrücke → A59,4.2,5.8,-1.6,fast
2026-07-07T01:26:11Z,14,Kölnstr. → Bertha,5.2,7,-1.8,fast
2026-07-07T05:14:02Z,12,A59 → Kennedybrücke,13.5,7.1,6.4,slow
2026-07-07T05:14:02Z,149,Kennedybrücke → A59,8.8,5.8,3.0,slow
2026-07-07T05:14:02Z,14,Kölnstr. → Bertha,8.3,7,1.3,moderate
2026-07-07T08:41:22Z,12,A59 → Kennedybrücke,18.5,7.1,11.4,slow
2026-07-07T08:41:22Z,149,Kennedybrücke → A59,11.4,5.8,5.6,slow
2026-07-07T08:41:22Z,14,Kölnstr. → Bertha,9.9,7,2.9,moderate
2026-07-07T11:28:35Z,12,A59 → Kennedybrücke,13.4,7.1,6.3,slow
2026-07-07T11:28:35Z,149,Kennedybrücke → A59,8.8,5.8,3.0,slow
2026-07-07T11:28:35Z,14,Kölnstr. → Bertha,10.8,7,3.8,slow
2026-07-07T13:32:37Z,12,A59 → Kennedybrücke,19,7.1,11.9,slow
2026-07-07T13:32:37Z,149,Kennedybrücke → A59,12.4,5.8,6.6,slow
2026-07-07T13:32:37Z,14,Kölnstr. → Bertha,21.2,7,14.2,slow
2026-07-07T16:03:46Z,12,A59 → Kennedybrücke,12.5,7.1,5.4,slow
2026-07-07T16:03:46Z,149,Kennedybrücke → A59,10.6,5.8,4.8,slow
2026-07-07T16:03:46Z,14,Kölnstr. → Bertha,11.5,7,4.5,slow
2026-07-07T18:09:07Z,12,A59 → Kennedybrücke,5.8,7.1,-1.3,fast
2026-07-07T18:09:07Z,149,Kennedybrücke → A59,7.6,5.8,1.8,moderate
2026-07-07T18:09:07Z,14,Kölnstr. → Bertha,5.6,7,-1.4,fast
2026-07-07T20:09:40Z,12,A59 → Kennedybrücke,5.8,7.1,-1.3,fast
2026-07-07T20:09:40Z,149,Kennedybrücke → A59,6.5,5.8,0.7,moderate
2026-07-07T20:09:40Z,14,Kölnstr. → Bertha,5.6,7,-1.4,fast
2026-07-07T21:38:39Z,12,A59 → Kennedybrücke,5.8,7.1,-1.3,fast
2026-07-07T21:38:39Z,149,Kennedybrücke → A59,5.1,5.8,-0.7,fast
2026-07-07T21:38:39Z,14,Kölnstr. → Bertha,5.6,7,-1.4,fast
2026-07-07T22:41:28Z,12,A59 → Kennedybrücke,5.8,7.1,-1.3,fast
2026-07-07T22:41:28Z,149,Kennedybrücke → A59,4.5,5.8,-1.3,fast
2026-07-07T22:41:28Z,14,Kölnstr. → Bertha,5.6,7,-1.4,fast
2026-07-07T23:34:23Z,12,A59 → Kennedybrücke,5.8,7.1,-1.3,fast
2026-07-07T23:34:23Z,149,Kennedybrücke → A59,4.5,5.8,-1.3,fast
2026-07-07T23:34:23Z,14,Kölnstr. → Bertha,5.6,7,-1.4,fast
2026-07-08T01:03:59Z,12,A59 → Kennedybrücke,5.8,7.1,-1.3,fast
2026-07-08T01:03:59Z,149,Kennedybrücke → A59,4.4,5.8,-1.4,fast
2026-07-08T01:03:59Z,14,Kölnstr. → Bertha,5.6,7,-1.4,fast
2026-07-08T04:22:33Z,12,A59 → Kennedybrücke,7.2,7.1,0.1,moderate
2026-07-08T04:22:33Z,149,Kennedybrücke → A59,7.1,5.8,1.3,moderate
2026-07-08T04:22:33Z,14,Kölnstr. → Bertha,5.3,7,-1.7,fast
2026-07-08T06:41:49Z,12,A59 → Kennedybrücke,19.9,7.1,12.8,slow
2026-07-08T06:41:49Z,149,Kennedybrücke → A59,9.2,5.8,3.4,slow
2026-07-08T06:41:49Z,14,Kölnstr. → Bertha,8.8,7,1.8,moderate
2026-07-08T09:12:20Z,12,A59 → Kennedybrücke,14.1,7.1,7.0,slow
2026-07-08T09:12:20Z,149,Kennedybrücke → A59,9.3,5.8,3.5,slow
2026-07-08T09:12:20Z,14,Kölnstr. → Bertha,7.8,7,0.8,moderate
2026-07-08T11:15:21Z,12,A59 → Kennedybrücke,13.5,7.1,6.4,slow
2026-07-08T11:15:21Z,149,Kennedybrücke → A59,11.3,5.8,5.5,slow
2026-07-08T11:15:21Z,14,Kölnstr. → Bertha,10.6,7,3.6,slow
2026-07-08T12:52:01Z,12,A59 → Kennedybrücke,16.3,7.2,9.1,slow
2026-07-08T12:52:01Z,149,Kennedybrücke → A59,12.9,5.8,7.1,slow
2026-07-08T12:52:01Z,14,Kölnstr. → Bertha,13.4,7,6.4,slow
2026-07-08T15:02:27Z,12,A59 → Kennedybrücke,17.3,7.2,10.1,slow
2026-07-08T15:02:27Z,149,Kennedybrücke → A59,11.5,5.8,5.7,slow
2026-07-08T15:02:27Z,14,Kölnstr. → Bertha,16.3,7,9.3,slow
2026-07-08T16:44:05Z,12,A59 → Kennedybrücke,17.6,7.2,10.4,slow
2026-07-08T16:44:05Z,149,Kennedybrücke → A59,9.5,5.8,3.7,slow
2026-07-08T16:44:05Z,14,Kölnstr. → Bertha,13.5,7,6.5,slow
2026-07-08T18:05:58Z,12,A59 → Kennedybrücke,6.1,7.2,-1.1,fast
2026-07-08T18:05:58Z,149,Kennedybrücke → A59,6.4,5.8,0.6,moderate
2026-07-08T18:05:58Z,14,Kölnstr. → Bertha,6.1,7,-0.9,fast
2026-07-08T19:48:57Z,12,A59 → Kennedybrücke,6.1,7.2,-1.1,fast
2026-07-08T19:48:57Z,149,Kennedybrücke → A59,5.6,5.8,-0.2,fast
2026-07-08T19:48:57Z,14,Kölnstr. → Bertha,6.1,7,-0.9,fast
2026-07-08T20:47:48Z,12,A59 → Kennedybrücke,6.1,7.2,-1.1,fast
2026-07-08T20:47:48Z,149,Kennedybrücke → A59,5.1,5.8,-0.7,fast
2026-07-08T20:47:48Z,14,Kölnstr. → Bertha,6.1,7,-0.9,fast
2026-07-08T21:49:33Z,12,A59 → Kennedybrücke,6.1,7.2,-1.1,fast
2026-07-08T21:49:33Z,149,Kennedybrücke → A59,4.7,5.8,-1.1,fast
2026-07-08T21:49:33Z,14,Kölnstr. → Bertha,6.1,7,-0.9,fast
2026-07-08T22:46:20Z,12,A59 → Kennedybrücke,6.1,7.2,-1.1,fast
2026-07-08T22:46:20Z,149,Kennedybrücke → A59,4.4,5.8,-1.4,fast
2026-07-08T22:46:20Z,14,Kölnstr. → Bertha,6.1,7,-0.9,fast
2026-07-09T01:17:06Z,12,A59 → Kennedybrücke,6.1,7.2,-1.1,fast
2026-07-09T01:17:06Z,149,Kennedybrücke → A59,4.3,5.8,-1.5,fast
2026-07-09T01:17:06Z,14,Kölnstr. → Bertha,6.1,7,-0.9,fast
2026-07-09T05:07:26Z,12,A59 → Kennedybrücke,12.7,7.2,5.5,slow
2026-07-09T05:07:26Z,149,Kennedybrücke → A59,6.3,5.8,0.5,moderate
2026-07-09T05:07:26Z,14,Kölnstr. → Bertha,7.2,7,0.2,moderate
2026-07-09T08:37:39Z,12,A59 → Kennedybrücke,14.4,7.2,7.2,slow
2026-07-09T08:37:39Z,149,Kennedybrücke → A59,8.6,5.8,2.8,moderate
2026-07-09T08:37:39Z,14,Kölnstr. → Bertha,9.8,7,2.8,moderate
2026-07-09T11:34:55Z,12,A59 → Kennedybrücke,10.7,7.2,3.5,moderate
2026-07-09T11:34:55Z,149,Kennedybrücke → A59,9,5.8,3.2,slow
2026-07-09T11:34:55Z,14,Kölnstr. → Bertha,9.6,7,2.6,moderate
2026-07-09T14:05:01Z,12,A59 → Kennedybrücke,20.4,7.2,13.2,slow
2026-07-09T14:05:01Z,149,Kennedybrücke → A59,9.3,5.8,3.5,slow
2026-07-09T14:05:01Z,14,Kölnstr. → Bertha,9.2,7,2.2,moderate
2026-07-09T16:32:41Z,12,A59 → Kennedybrücke,13.6,7.2,6.4,slow
2026-07-09T16:32:41Z,149,Kennedybrücke → A59,20.2,5.8,14.4,slow
2026-07-09T16:32:41Z,14,Kölnstr. → Bertha,13.4,7,6.4,slow
2026-07-09T18:19:08Z,12,A59 → Kennedybrücke,6.8,7.2,-0.4,fast
2026-07-09T18:19:08Z,149,Kennedybrücke → A59,5.8,5.8,0.0,fast
2026-07-09T18:19:08Z,14,Kölnstr. → Bertha,5.8,7,-1.2,fast
2026-07-09T20:07:31Z,12,A59 → Kennedybrücke,6.8,7.2,-0.4,fast
2026-07-09T20:07:31Z,149,Kennedybrücke → A59,6.6,5.8,0.8,moderate
2026-07-09T20:07:31Z,14,Kölnstr. → Bertha,5.8,7,-1.2,fast
2026-07-09T21:39:14Z,12,A59 → Kennedybrücke,6.8,7.2,-0.4,fast
2026-07-09T21:39:14Z,149,Kennedybrücke → A59,5.5,5.8,-0.3,fast
2026-07-09T21:39:14Z,14,Kölnstr. → Bertha,5.8,7,-1.2,fast
2026-07-09T22:52:32Z,12,A59 → Kennedybrücke,6.8,7.2,-0.4,fast
2026-07-09T22:52:32Z,149,Kennedybrücke → A59,5.1,5.8,-0.7,fast
2026-07-09T22:52:32Z,14,Kölnstr. → Bertha,5.8,7,-1.2,fast
2026-07-09T23:54:14Z,12,A59 → Kennedybrücke,6.8,7.2,-0.4,fast
2026-07-09T23:54:14Z,149,Kennedybrücke → A59,4.2,5.8,-1.6,fast
2026-07-09T23:54:14Z,14,Kölnstr. → Bertha,5.8,7,-1.2,fast
2026-07-10T01:19:06Z,12,A59 → Kennedybrücke,6.8,7.2,-0.4,fast
2026-07-10T01:19:06Z,149,Kennedybrücke → A59,3.8,5.8,-2.0,fast
2026-07-10T01:19:06Z,14,Kölnstr. → Bertha,5.8,7,-1.2,fast
2026-07-10T05:10:56Z,12,A59 → Kennedybrücke,8.7,7.2,1.5,moderate
2026-07-10T05:10:56Z,149,Kennedybrücke → A59,7.2,5.8,1.4,moderate
2026-07-10T05:10:56Z,14,Kölnstr. → Bertha,5.9,7,-1.1,fast
2026-07-10T08:36:37Z,12,A59 → Kennedybrücke,8.5,7.2,1.3,moderate
2026-07-10T08:36:37Z,149,Kennedybrücke → A59,8,5.8,2.2,moderate
2026-07-10T08:36:37Z,14,Kölnstr. → Bertha,7,7,0,fast
2026-07-10T11:28:45Z,12,A59 → Kennedybrücke,13.9,7.2,6.7,slow
2026-07-10T11:28:45Z,149,Kennedybrücke → A59,12.1,5.8,6.3,slow
2026-07-10T11:28:45Z,14,Kölnstr. → Bertha,13.7,7,6.7,slow
2026-07-10T13:25:01Z,12,A59 → Kennedybrücke,16,7.2,8.8,slow
2026-07-10T13:25:01Z,149,Kennedybrücke → A59,9.9,5.8,4.1,slow
2026-07-10T13:25:01Z,14,Kölnstr. → Bertha,17.3,7.1,10.2,slow
2026-07-10T15:42:20Z,12,A59 → Kennedybrücke,12.3,7.2,5.1,slow
2026-07-10T15:42:20Z,149,Kennedybrücke → A59,12.1,5.8,6.3,slow
2026-07-10T15:42:20Z,14,Kölnstr. → Bertha,11.6,7.1,4.5,slow
2026-07-10T17:25:42Z,12,A59 → Kennedybrücke,10.3,7.2,3.1,moderate
2026-07-10T17:25:42Z,149,Kennedybrücke → A59,9.4,5.8,3.6,slow
2026-07-10T17:25:42Z,14,Kölnstr. → Bertha,8.7,7.1,1.6,moderate
2026-07-10T18:53:56Z,12,A59 → Kennedybrücke,7,7.2,-0.2,fast
2026-07-10T18:53:56Z,149,Kennedybrücke → A59,5.7,5.8,-0.1,fast
2026-07-10T18:53:56Z,14,Kölnstr. → Bertha,6.1,7.1,-1.0,fast
2026-07-10T20:09:04Z,12,A59 → Kennedybrücke,7,7.2,-0.2,fast
2026-07-10T20:09:04Z,149,Kennedybrücke → A59,6.1,5.8,0.3,moderate
2026-07-10T20:09:04Z,14,Kölnstr. → Bertha,6.1,7.1,-1.0,fast
2026-07-10T21:17:21Z,12,A59 → Kennedybrücke,7,7.2,-0.2,fast
2026-07-10T21:17:21Z,149,Kennedybrücke → A59,5.7,5.8,-0.1,fast
2026-07-10T21:17:21Z,14,Kölnstr. → Bertha,6.1,7.1,-1.0,fast
2026-07-10T22:17:56Z,12,A59 → Kennedybrücke,7,7.2,-0.2,fast
2026-07-10T22:17:56Z,149,Kennedybrücke → A59,5.4,5.8,-0.4,fast
2026-07-10T22:17:56Z,14,Kölnstr. → Bertha,6.1,7.1,-1.0,fast
2026-07-10T23:14:57Z,12,A59 → Kennedybrücke,7,7.2,-0.2,fast
2026-07-10T23:14:57Z,149,Kennedybrücke → A59,5.1,5.8,-0.7,fast
2026-07-10T23:14:57Z,14,Kölnstr. → Bertha,6.1,7.1,-1.0,fast
2026-07-11T00:09:08Z,12,A59 → Kennedybrücke,7,7.2,-0.2,fast
2026-07-11T00:09:08Z,149,Kennedybrücke → A59,4.9,5.8,-0.9,fast
2026-07-11T00:09:08Z,14,Kölnstr. → Bertha,6.1,7.1,-1.0,fast
2026-07-11T03:36:19Z,12,A59 → Kennedybrücke,7,7.2,-0.2,fast
2026-07-11T03:36:19Z,149,Kennedybrücke → A59,4,5.8,-1.8,fast
2026-07-11T03:36:19Z,14,Kölnstr. → Bertha,6.1,7.1,-1.0,fast
2026-07-11T05:58:40Z,12,A59 → Kennedybrücke,4.6,7.2,-2.6,fast
2026-07-11T05:58:40Z,149,Kennedybrücke → A59,5,5.8,-0.8,fast
2026-07-11T05:58:40Z,14,Kölnstr. → Bertha,4,7.1,-3.1,fast
2026-07-11T07:48:49Z,12,A59 → Kennedybrücke,7.2,7.2,0.0,fast
2026-07-11T07:48:49Z,149,Kennedybrücke → A59,7,5.8,1.2,moderate
2026-07-11T07:48:49Z,14,Kölnstr. → Bertha,4.9,7.1,-2.2,fast
2026-07-11T09:10:53Z,12,A59 → Kennedybrücke,11.8,7.2,4.6,slow
2026-07-11T09:10:53Z,149,Kennedybrücke → A59,7.6,5.8,1.8,moderate
2026-07-11T09:10:53Z,14,Kölnstr. → Bertha,6.5,7.1,-0.6,fast
2026-07-11T10:32:25Z,12,A59 → Kennedybrücke,9.1,7.2,1.9,moderate
2026-07-11T10:32:25Z,149,Kennedybrücke → A59,9.3,5.8,3.5,slow
2026-07-11T10:32:25Z,14,Kölnstr. → Bertha,7.3,7.1,0.2,moderate
2026-07-11T11:31:23Z,12,A59 → Kennedybrücke,8,7.2,0.8,moderate
2026-07-11T11:31:23Z,149,Kennedybrücke → A59,9.4,5.8,3.6,slow
2026-07-11T11:31:23Z,14,Kölnstr. → Bertha,10,7.1,2.9,moderate
2026-07-11T12:29:41Z,12,A59 → Kennedybrücke,11.6,7.2,4.4,slow
2026-07-11T12:29:41Z,149,Kennedybrücke → A59,8.8,5.8,3.0,slow
2026-07-11T12:29:41Z,14,Kölnstr. → Bertha,9.3,7.1,2.2,moderate
2026-07-11T14:00:59Z,12,A59 → Kennedybrücke,11,7.2,3.8,slow
2026-07-11T14:00:59Z,149,Kennedybrücke → A59,8.3,5.8,2.5,moderate
2026-07-11T14:00:59Z,14,Kölnstr. → Bertha,6.9,7.1,-0.2,fast
2026-07-11T14:55:37Z,12,A59 → Kennedybrücke,11,7.2,3.8,slow
2026-07-11T14:55:37Z,149,Kennedybrücke → A59,6.8,5.8,1.0,moderate
2026-07-11T14:55:37Z,14,Kölnstr. → Bertha,6.9,7.1,-0.2,fast
2026-07-11T15:42:09Z,12,A59 → Kennedybrücke,7.6,7.2,0.4,moderate
2026-07-11T15:42:09Z,149,Kennedybrücke → A59,7.8,5.8,2.0,moderate
2026-07-11T15:42:09Z,14,Kölnstr. → Bertha,7.1,7.1,0.0,fast
2026-07-11T16:32:29Z,12,A59 → Kennedybrücke,11.9,7.2,4.7,slow
2026-07-11T16:32:29Z,149,Kennedybrücke → A59,9.3,5.8,3.5,slow
2026-07-11T16:32:29Z,14,Kölnstr. → Bertha,12.9,7.1,5.8,slow
2026-07-11T17:31:52Z,12,A59 → Kennedybrücke,8.7,7.2,1.5,moderate
2026-07-11T17:31:52Z,149,Kennedybrücke → A59,19.7,5.8,13.9,slow
2026-07-11T17:31:52Z,14,Kölnstr. → Bertha,7.2,7.1,0.1,moderate
2026-07-11T18:27:54Z,12,A59 → Kennedybrücke,6.4,7.2,-0.8,fast
2026-07-11T18:27:54Z,149,Kennedybrücke → A59,6.8,5.8,1.0,moderate
2026-07-11T18:27:54Z,14,Kölnstr. → Bertha,6.2,7.1,-0.9,fast
2026-07-11T19:39:47Z,12,A59 → Kennedybrücke,6.4,7.2,-0.8,fast
2026-07-11T19:39:47Z,149,Kennedybrücke → A59,6.2,5.8,0.4,moderate
2026-07-11T19:39:47Z,14,Kölnstr. → Bertha,6.2,7.1,-0.9,fast
2026-07-11T20:26:36Z,12,A59 → Kennedybrücke,6.4,7.2,-0.8,fast
2026-07-11T20:26:36Z,149,Kennedybrücke → A59,6.8,5.8,1.0,moderate
2026-07-11T20:26:36Z,14,Kölnstr. → Bertha,6.2,7.1,-0.9,fast
2026-07-11T21:11:37Z,12,A59 → Kennedybrücke,6.4,7.2,-0.8,fast
2026-07-11T21:11:37Z,149,Kennedybrücke → A59,6.5,5.8,0.7,moderate
2026-07-11T21:11:37Z,14,Kölnstr. → Bertha,6.2,7.1,-0.9,fast
2026-07-11T22:04:49Z,12,A59 → Kennedybrücke,6.4,7.2,-0.8,fast
2026-07-11T22:04:49Z,149,Kennedybrücke → A59,4.8,5.8,-1.0,fast
2026-07-11T22:04:49Z,14,Kölnstr. → Bertha,6.2,7.1,-0.9,fast
2026-07-11T23:00:00Z,12,A59 → Kennedybrücke,6.4,7.2,-0.8,fast
2026-07-11T23:00:00Z,149,Kennedybrücke → A59,5.1,5.8,-0.7,fast
2026-07-11T23:00:00Z,14,Kölnstr. → Bertha,6.2,7.1,-0.9,fast
2026-07-11T23:54:04Z,12,A59 → Kennedybrücke,6.4,7.2,-0.8,fast
2026-07-11T23:54:04Z,149,Kennedybrücke → A59,4.6,5.8,-1.2,fast
2026-07-11T23:54:04Z,14,Kölnstr. → Bertha,6.2,7.1,-0.9,fast
2026-07-12T01:14:51Z,12,A59 → Kennedybrücke,6.4,7.2,-0.8,fast
2026-07-12T01:14:51Z,149,Kennedybrücke → A59,4.5,5.8,-1.3,fast
2026-07-12T01:14:51Z,14,Kölnstr. → Bertha,6.2,7.1,-0.9,fast
2026-07-12T04:38:39Z,12,A59 → Kennedybrücke,4,7.2,-3.2,fast
2026-07-12T04:38:39Z,149,Kennedybrücke → A59,4,5.8,-1.8,fast
2026-07-12T04:38:39Z,14,Kölnstr. → Bertha,3.3,7.1,-3.8,fast
2026-07-12T07:12:04Z,12,A59 → Kennedybrücke,5.1,7.2,-2.1,fast
2026-07-12T07:12:04Z,149,Kennedybrücke → A59,5.1,5.8,-0.7,fast
2026-07-12T07:12:04Z,14,Kölnstr. → Bertha,4.1,7.1,-3.0,fast
2026-07-12T09:14:08Z,12,A59 → Kennedybrücke,6.3,7.2,-0.9,fast
2026-07-12T09:14:08Z,149,Kennedybrücke → A59,5.7,5.8,-0.1,fast
2026-07-12T09:14:08Z,14,Kölnstr. → Bertha,5.2,7,-1.8,fast
2026-07-12T10:41:59Z,12,A59 → Kennedybrücke,7.3,7.2,0.1,moderate
2026-07-12T10:41:59Z,149,Kennedybrücke → A59,6,5.8,0.2,moderate
2026-07-12T10:41:59Z,14,Kölnstr. → Bertha,5.5,7,-1.5,fast
2026-07-12T11:42:23Z,12,A59 → Kennedybrücke,7.4,7.2,0.2,moderate
2026-07-12T11:42:23Z,149,Kennedybrücke → A59,8.3,5.8,2.5,moderate
2026-07-12T11:42:23Z,14,Kölnstr. → Bertha,5.7,7,-1.3,fast
2026-07-12T12:35:10Z,12,A59 → Kennedybrücke,7.9,7.2,0.7,moderate
2026-07-12T12:35:10Z,149,Kennedybrücke → A59,7.4,5.8,1.6,moderate
2026-07-12T12:35:10Z,14,Kölnstr. → Bertha,8.9,7,1.9,moderate
2026-07-12T14:08:07Z,12,A59 → Kennedybrücke,6.5,7.2,-0.7,fast
2026-07-12T14:08:07Z,149,Kennedybrücke → A59,8.3,5.8,2.5,moderate
2026-07-12T14:08:07Z,14,Kölnstr. → Bertha,5.7,7,-1.3,fast
2026-07-12T15:09:56Z,12,A59 → Kennedybrücke,7,7.2,-0.2,fast
2026-07-12T15:09:56Z,149,Kennedybrücke → A59,7.7,5.8,1.9,moderate
2026-07-12T15:09:56Z,14,Kölnstr. → Bertha,6,7,-1,fast
2026-07-12T16:08:28Z,12,A59 → Kennedybrücke,8.3,7.2,1.1,moderate
2026-07-12T16:08:28Z,149,Kennedybrücke → A59,7.4,5.8,1.6,moderate
2026-07-12T16:08:28Z,14,Kölnstr. → Bertha,6.7,7,-0.3,fast
2026-07-12T17:12:57Z,12,A59 → Kennedybrücke,7,7.2,-0.2,fast
2026-07-12T17:12:57Z,149,Kennedybrücke → A59,6.7,5.8,0.9,moderate
2026-07-12T17:12:57Z,14,Kölnstr. → Bertha,5.8,7,-1.2,fast
2026-07-12T18:07:38Z,12,A59 → Kennedybrücke,6.4,7.2,-0.8,fast
2026-07-12T18:07:38Z,149,Kennedybrücke → A59,7.8,5.8,2.0,moderate
2026-07-12T18:07:38Z,14,Kölnstr. → Bertha,5.8,7,-1.2,fast
2026-07-12T19:19:57Z,12,A59 → Kennedybrücke,6.4,7.2,-0.8,fast
2026-07-12T19:19:57Z,149,Kennedybrücke → A59,6.4,5.8,0.6,moderate
2026-07-12T19:19:57Z,14,Kölnstr. → Bertha,5.8,7,-1.2,fast
2026-07-12T20:10:23Z,12,A59 → Kennedybrücke,6.4,7.2,-0.8,fast
2026-07-12T20:10:23Z,149,Kennedybrücke → A59,5.7,5.8,-0.1,fast
2026-07-12T20:10:23Z,14,Kölnstr. → Bertha,5.8,7,-1.2,fast
2026-07-12T21:03:25Z,12,A59 → Kennedybrücke,6.4,7.2,-0.8,fast
2026-07-12T21:03:25Z,149,Kennedybrücke → A59,5.4,5.8,-0.4,fast
2026-07-12T21:03:25Z,14,Kölnstr. → Bertha,5.8,7,-1.2,fast
2026-07-12T21:58:41Z,12,A59 → Kennedybrücke,6.4,7.2,-0.8,fast
2026-07-12T21:58:41Z,149,Kennedybrücke → A59,4.8,5.8,-1.0,fast
2026-07-12T21:58:41Z,14,Kölnstr. → Bertha,5.8,7,-1.2,fast
2026-07-12T22:42:39Z,12,A59 → Kennedybrücke,6.4,7.2,-0.8,fast
2026-07-12T22:42:39Z,149,Kennedybrücke → A59,4.4,5.8,-1.4,fast
2026-07-12T22:42:39Z,14,Kölnstr. → Bertha,5.8,7,-1.2,fast
2026-07-12T23:34:35Z,12,A59 → Kennedybrücke,6.4,7.2,-0.8,fast
2026-07-12T23:34:35Z,149,Kennedybrücke → A59,4.1,5.8,-1.7,fast
2026-07-12T23:34:35Z,14,Kölnstr. → Bertha,5.8,7,-1.2,fast
2026-07-13T01:08:10Z,12,A59 → Kennedybrücke,6.4,7.2,-0.8,fast
2026-07-13T01:08:10Z,149,Kennedybrücke → A59,4.3,5.8,-1.5,fast
2026-07-13T01:08:10Z,14,Kölnstr. → Bertha,5.8,7,-1.2,fast
2026-07-13T04:38:58Z,12,A59 → Kennedybrücke,7.4,7.2,0.2,moderate
2026-07-13T04:38:58Z,149,Kennedybrücke → A59,6.7,5.8,0.9,moderate
2026-07-13T04:38:58Z,14,Kölnstr. → Bertha,4.7,7,-2.3,fast
2026-07-13T07:51:13Z,12,A59 → Kennedybrücke,20.5,7.2,13.3,slow
2026-07-13T07:51:13Z,149,Kennedybrücke → A59,11.8,5.8,6.0,slow
2026-07-13T07:51:13Z,14,Kölnstr. → Bertha,12.6,7,5.6,slow
2026-07-13T10:44:38Z,12,A59 → Kennedybrücke,15.4,7.3,8.1,slow
2026-07-13T10:44:38Z,149,Kennedybrücke → A59,9.3,5.8,3.5,slow
2026-07-13T10:44:38Z,14,Kölnstr. → Bertha,8.9,7.1,1.8,moderate
2026-07-13T13:04:27Z,12,A59 → Kennedybrücke,16,7.3,8.7,slow
2026-07-13T13:04:27Z,149,Kennedybrücke → A59,11,5.9,5.1,slow
2026-07-13T13:04:27Z,14,Kölnstr. → Bertha,14.7,7.1,7.6,slow
2026-07-13T15:47:05Z,12,A59 → Kennedybrücke,14.2,7.3,6.9,slow
2026-07-13T15:47:05Z,149,Kennedybrücke → A59,10.3,5.9,4.4,slow
2026-07-13T15:47:05Z,14,Kölnstr. → Bertha,12.7,7.1,5.6,slow
2026-07-13T17:42:55Z,12,A59 → Kennedybrücke,7.1,7.3,-0.2,fast
2026-07-13T17:42:55Z,149,Kennedybrücke → A59,6.5,5.9,0.6,moderate
2026-07-13T17:42:55Z,14,Kölnstr. → Bertha,6.1,7.1,-1.0,fast
2026-07-13T19:03:33Z,12,A59 → Kennedybrücke,6.4,7.3,-0.9,fast
2026-07-13T19:03:33Z,149,Kennedybrücke → A59,6.8,5.9,0.9,moderate
2026-07-13T19:03:33Z,14,Kölnstr. → Bertha,5.5,7.1,-1.6,fast
2026-07-13T20:20:46Z,12,A59 → Kennedybrücke,6.4,7.3,-0.9,fast
2026-07-13T20:20:46Z,149,Kennedybrücke → A59,5.3,5.9,-0.6,fast
2026-07-13T20:20:46Z,14,Kölnstr. → Bertha,5.5,7.1,-1.6,fast
2026-07-13T21:15:16Z,12,A59 → Kennedybrücke,6.4,7.3,-0.9,fast
2026-07-13T21:15:16Z,149,Kennedybrücke → A59,4.9,5.9,-1.0,fast
2026-07-13T21:15:16Z,14,Kölnstr. → Bertha,5.5,7.1,-1.6,fast
2026-07-13T22:10:01Z,12,A59 → Kennedybrücke,6.4,7.3,-0.9,fast
2026-07-13T22:10:01Z,149,Kennedybrücke → A59,4.4,5.9,-1.5,fast
2026-07-13T22:10:01Z,14,Kölnstr. → Bertha,5.5,7.1,-1.6,fast
2026-07-13T23:09:05Z,12,A59 → Kennedybrücke,6.4,7.3,-0.9,fast
2026-07-13T23:09:05Z,149,Kennedybrücke → A59,4.5,5.9,-1.4,fast
2026-07-13T23:09:05Z,14,Kölnstr. → Bertha,5.5,7.1,-1.6,fast
2026-07-14T00:02:30Z,12,A59 → Kennedybrücke,6.4,7.3,-0.9,fast
2026-07-14T00:02:30Z,149,Kennedybrücke → A59,4.5,5.9,-1.4,fast
2026-07-14T00:02:30Z,14,Kölnstr. → Bertha,5.5,7.1,-1.6,fast
2026-07-14T02:56:00Z,12,A59 → Kennedybrücke,6.4,7.3,-0.9,fast
2026-07-14T02:56:00Z,149,Kennedybrücke → A59,4.9,5.9,-1.0,fast
2026-07-14T02:56:00Z,14,Kölnstr. → Bertha,5.5,7.1,-1.6,fast
2026-07-14T05:19:50Z,12,A59 → Kennedybrücke,18.7,7.3,11.4,slow
2026-07-14T05:19:50Z,149,Kennedybrücke → A59,10.5,5.9,4.6,slow
2026-07-14T05:19:50Z,14,Kölnstr. → Bertha,6.6,7.1,-0.5,fast
2026-07-14T07:22:01Z,12,A59 → Kennedybrücke,20.6,7.3,13.3,slow
2026-07-14T07:22:01Z,149,Kennedybrücke → A59,9.2,5.9,3.3,slow
2026-07-14T07:22:01Z,14,Kölnstr. → Bertha,15,7.1,7.9,slow
2026-07-14T09:20:10Z,12,A59 → Kennedybrücke,12.7,7.3,5.4,slow
2026-07-14T09:20:10Z,149,Kennedybrücke → A59,7.7,5.9,1.8,moderate
2026-07-14T09:20:10Z,14,Kölnstr. → Bertha,8.5,7.1,1.4,moderate
2026-07-14T10:57:54Z,12,A59 → Kennedybrücke,11.6,7.3,4.3,slow
2026-07-14T10:57:54Z,149,Kennedybrücke → A59,10.5,5.9,4.6,slow
2026-07-14T10:57:54Z,14,Kölnstr. → Bertha,7.5,7.1,0.4,moderate
2026-07-14T12:06:40Z,12,A59 → Kennedybrücke,14.8,7.3,7.5,slow
2026-07-14T12:06:40Z,149,Kennedybrücke → A59,12.1,5.9,6.2,slow
2026-07-14T12:06:40Z,14,Kölnstr. → Bertha,14.1,7.1,7.0,slow
2026-07-14T14:07:25Z,12,A59 → Kennedybrücke,13.1,7.3,5.8,slow
2026-07-14T14:07:25Z,149,Kennedybrücke → A59,13.6,5.9,7.7,slow
2026-07-14T14:07:25Z,14,Kölnstr. → Bertha,18,7.1,10.9,slow
2026-07-14T15:39:50Z,12,A59 → Kennedybrücke,17.6,7.3,10.3,slow
2026-07-14T15:39:50Z,149,Kennedybrücke → A59,9.7,5.9,3.8,slow
2026-07-14T15:39:50Z,14,Kölnstr. → Bertha,16.9,7.1,9.8,slow
2026-07-14T16:49:11Z,12,A59 → Kennedybrücke,12.6,7.3,5.3,slow
2026-07-14T16:49:11Z,149,Kennedybrücke → A59,8.8,5.9,2.9,moderate
2026-07-14T16:49:11Z,14,Kölnstr. → Bertha,12.8,7.1,5.7,slow
2026-07-14T17:49:44Z,12,A59 → Kennedybrücke,8.1,7.3,0.8,moderate
2026-07-14T17:49:44Z,149,Kennedybrücke → A59,8,5.9,2.1,moderate
2026-07-14T17:49:44Z,14,Kölnstr. → Bertha,6.2,7.1,-0.9,fast
2026-07-14T18:50:27Z,12,A59 → Kennedybrücke,7.8,7.3,0.5,moderate
2026-07-14T18:50:27Z,149,Kennedybrücke → A59,7.1,5.9,1.2,moderate
2026-07-14T18:50:27Z,14,Kölnstr. → Bertha,5.6,7.1,-1.5,fast
2026-07-14T19:59:29Z,12,A59 → Kennedybrücke,7.8,7.3,0.5,moderate
2026-07-14T19:59:29Z,149,Kennedybrücke → A59,5,5.9,-0.9,fast
2026-07-14T19:59:29Z,14,Kölnstr. → Bertha,5.6,7.1,-1.5,fast
2026-07-14T20:58:50Z,12,A59 → Kennedybrücke,7.8,7.3,0.5,moderate
2026-07-14T20:58:50Z,149,Kennedybrücke → A59,5.1,5.9,-0.8,fast
2026-07-14T20:58:50Z,14,Kölnstr. → Bertha,5.6,7.1,-1.5,fast
2026-07-14T21:54:31Z,12,A59 → Kennedybrücke,7.8,7.3,0.5,moderate
2026-07-14T21:54:31Z,149,Kennedybrücke → A59,5,5.9,-0.9,fast
2026-07-14T21:54:31Z,14,Kölnstr. → Bertha,5.6,7.1,-1.5,fast
2026-07-14T22:42:31Z,12,A59 → Kennedybrücke,7.8,7.3,0.5,moderate
2026-07-14T22:42:31Z,149,Kennedybrücke → A59,4.7,5.9,-1.2,fast
2026-07-14T22:42:31Z,14,Kölnstr. → Bertha,5.6,7.1,-1.5,fast
2026-07-14T23:32:05Z,12,A59 → Kennedybrücke,7.8,7.3,0.5,moderate
2026-07-14T23:32:05Z,149,Kennedybrücke → A59,4.2,5.9,-1.7,fast
2026-07-14T23:32:05Z,14,Kölnstr. → Bertha,5.6,7.1,-1.5,fast
2026-07-15T00:51:54Z,12,A59 → Kennedybrücke,7.8,7.3,0.5,moderate
2026-07-15T00:51:54Z,149,Kennedybrücke → A59,4.2,5.9,-1.7,fast
2026-07-15T00:51:54Z,14,Kölnstr. → Bertha,5.6,7.1,-1.5,fast
2026-07-15T03:49:38Z,12,A59 → Kennedybrücke,7.8,7.3,0.5,moderate
2026-07-15T03:49:38Z,149,Kennedybrücke → A59,5.1,5.9,-0.8,fast
2026-07-15T03:49:38Z,14,Kölnstr. → Bertha,5.6,7.1,-1.5,fast
2026-07-15T06:01:16Z,12,A59 → Kennedybrücke,20.2,7.3,12.9,slow
2026-07-15T06:01:16Z,149,Kennedybrücke → A59,11.6,5.9,5.7,slow
2026-07-15T06:01:16Z,14,Kölnstr. → Bertha,11.1,7.1,4.0,slow
2026-07-15T08:18:32Z,12,A59 → Kennedybrücke,15.5,7.3,8.2,slow
2026-07-15T08:18:32Z,149,Kennedybrücke → A59,9.8,5.9,3.9,slow
2026-07-15T08:18:32Z,14,Kölnstr. → Bertha,9.6,7.1,2.5,moderate
2026-07-15T10:16:21Z,12,A59 → Kennedybrücke,14.6,7.3,7.3,slow
2026-07-15T10:16:21Z,149,Kennedybrücke → A59,9.4,5.9,3.5,slow
2026-07-15T10:16:21Z,14,Kölnstr. → Bertha,9.5,7.1,2.4,moderate
2026-07-15T11:49:39Z,12,A59 → Kennedybrücke,14.8,7.3,7.5,slow
2026-07-15T11:49:39Z,149,Kennedybrücke → A59,12.4,5.9,6.5,slow
2026-07-15T11:49:39Z,14,Kölnstr. → Bertha,8.7,7.1,1.6,moderate
2026-07-15T12:59:12Z,12,A59 → Kennedybrücke,14.3,7.3,7.0,slow
2026-07-15T12:59:12Z,149,Kennedybrücke → A59,11.6,5.9,5.7,slow
2026-07-15T12:59:12Z,14,Kölnstr. → Bertha,10.5,7.1,3.4,moderate
2026-07-15T14:47:14Z,12,A59 → Kennedybrücke,14.9,7.3,7.6,slow
2026-07-15T14:47:14Z,149,Kennedybrücke → A59,10.6,5.9,4.7,slow
2026-07-15T14:47:14Z,14,Kölnstr. → Bertha,12.5,7.1,5.4,slow
2026-07-15T16:09:24Z,12,A59 → Kennedybrücke,12.8,7.3,5.5,slow
2026-07-15T16:09:24Z,149,Kennedybrücke → A59,9.1,5.9,3.2,slow
2026-07-15T16:09:24Z,14,Kölnstr. → Bertha,9.4,7.1,2.3,moderate
2026-07-15T17:35:19Z,12,A59 → Kennedybrücke,9.4,7.3,2.1,moderate
2026-07-15T17:35:19Z,149,Kennedybrücke → A59,7.7,5.9,1.8,moderate
2026-07-15T17:35:19Z,14,Kölnstr. → Bertha,7,7.1,-0.1,fast
2026-07-15T18:41:01Z,12,A59 → Kennedybrücke,6.2,7.3,-1.1,fast
2026-07-15T18:41:01Z,149,Kennedybrücke → A59,6.4,5.9,0.5,moderate
2026-07-15T18:41:01Z,14,Kölnstr. → Bertha,5.9,7.1,-1.2,fast
2026-07-15T19:49:07Z,12,A59 → Kennedybrücke,6.2,7.3,-1.1,fast
2026-07-15T19:49:07Z,149,Kennedybrücke → A59,5.8,5.9,-0.1,fast
2026-07-15T19:49:07Z,14,Kölnstr. → Bertha,5.9,7.1,-1.2,fast
2026-07-15T20:44:28Z,12,A59 → Kennedybrücke,6.2,7.3,-1.1,fast
2026-07-15T20:44:28Z,149,Kennedybrücke → A59,6,5.9,0.1,moderate
2026-07-15T20:44:28Z,14,Kölnstr. → Bertha,5.9,7.1,-1.2,fast
2026-07-15T21:38:36Z,12,A59 → Kennedybrücke,6.2,7.3,-1.1,fast
2026-07-15T21:38:36Z,149,Kennedybrücke → A59,4.8,5.9,-1.1,fast
2026-07-15T21:38:36Z,14,Kölnstr. → Bertha,5.9,7.1,-1.2,fast
2026-07-15T22:35:37Z,12,A59 → Kennedybrücke,6.2,7.3,-1.1,fast
2026-07-15T22:35:37Z,149,Kennedybrücke → A59,4.3,5.9,-1.6,fast
2026-07-15T22:35:37Z,14,Kölnstr. → Bertha,5.9,7.1,-1.2,fast
2026-07-15T23:34:04Z,12,A59 → Kennedybrücke,6.2,7.3,-1.1,fast
2026-07-15T23:34:04Z,149,Kennedybrücke → A59,4.1,5.9,-1.8,fast
2026-07-15T23:34:04Z,14,Kölnstr. → Bertha,5.9,7.1,-1.2,fast
2026-07-16T01:00:27Z,12,A59 → Kennedybrücke,6.2,7.3,-1.1,fast
2026-07-16T01:00:27Z,149,Kennedybrücke → A59,4,5.9,-1.9,fast
2026-07-16T01:00:27Z,14,Kölnstr. → Bertha,5.9,7.1,-1.2,fast
2026-07-16T04:08:46Z,12,A59 → Kennedybrücke,6.8,7.3,-0.5,fast
2026-07-16T04:08:46Z,149,Kennedybrücke → A59,5.3,5.9,-0.6,fast
2026-07-16T04:08:46Z,14,Kölnstr. → Bertha,4.5,7.1,-2.6,fast
2026-07-16T06:28:26Z,12,A59 → Kennedybrücke,17.6,7.4,10.2,slow
2026-07-16T06:28:26Z,149,Kennedybrücke → A59,11.1,5.9,5.2,slow
2026-07-16T06:28:26Z,14,Kölnstr. → Bertha,9.5,7.1,2.4,moderate
2026-07-16T08:39:46Z,12,A59 → Kennedybrücke,15.1,7.4,7.7,slow
2026-07-16T08:39:46Z,149,Kennedybrücke → A59,6.7,5.9,0.8,moderate
2026-07-16T08:39:46Z,14,Kölnstr. → Bertha,10.2,7.1,3.1,moderate
2026-07-16T10:31:44Z,12,A59 → Kennedybrücke,11.6,7.4,4.2,slow
2026-07-16T10:31:44Z,149,Kennedybrücke → A59,10,5.9,4.1,slow
2026-07-16T10:31:44Z,14,Kölnstr. → Bertha,8.4,7.1,1.3,moderate
2026-07-16T12:02:17Z,12,A59 → Kennedybrücke,16.5,7.4,9.1,slow
2026-07-16T12:02:17Z,149,Kennedybrücke → A59,12,5.9,6.1,slow
2026-07-16T12:02:17Z,14,Kölnstr. → Bertha,13.3,7.1,6.2,slow
2026-07-16T14:06:41Z,12,A59 → Kennedybrücke,14.9,7.4,7.5,slow
2026-07-16T14:06:41Z,149,Kennedybrücke → A59,10.2,5.9,4.3,slow
2026-07-16T14:06:41Z,14,Kölnstr. → Bertha,14.6,7.1,7.5,slow
2026-07-16T15:44:32Z,12,A59 → Kennedybrücke,12.7,7.4,5.3,slow
2026-07-16T15:44:32Z,149,Kennedybrücke → A59,8.9,5.9,3.0,slow
2026-07-16T15:44:32Z,14,Kölnstr. → Bertha,14.2,7.1,7.1,slow
2026-07-16T16:53:15Z,12,A59 → Kennedybrücke,13.6,7.4,6.2,slow
2026-07-16T16:53:15Z,149,Kennedybrücke → A59,9.7,5.9,3.8,slow
2026-07-16T16:53:15Z,14,Kölnstr. → Bertha,12.4,7.1,5.3,slow
2026-07-16T17:57:13Z,12,A59 → Kennedybrücke,8.9,7.4,1.5,moderate
2026-07-16T17:57:13Z,149,Kennedybrücke → A59,8.3,5.9,2.4,moderate
2026-07-16T17:57:13Z,14,Kölnstr. → Bertha,7.1,7.1,0.0,fast
2026-07-16T18:57:44Z,12,A59 → Kennedybrücke,6.1,7.4,-1.3,fast
2026-07-16T18:57:44Z,149,Kennedybrücke → A59,6.5,5.9,0.6,moderate
2026-07-16T18:57:44Z,14,Kölnstr. → Bertha,5.6,7.1,-1.5,fast
2026-07-16T19:57:33Z,12,A59 → Kennedybrücke,6.1,7.4,-1.3,fast
2026-07-16T19:57:33Z,149,Kennedybrücke → A59,6,5.9,0.1,moderate
2026-07-16T19:57:33Z,14,Kölnstr. → Bertha,5.6,7.1,-1.5,fast
2026-07-16T20:49:39Z,12,A59 → Kennedybrücke,6.1,7.4,-1.3,fast
2026-07-16T20:49:39Z,149,Kennedybrücke → A59,5.8,5.9,-0.1,fast
2026-07-16T20:49:39Z,14,Kölnstr. → Bertha,5.6,7.1,-1.5,fast
2026-07-16T21:48:05Z,12,A59 → Kennedybrücke,6.1,7.4,-1.3,fast
2026-07-16T21:48:05Z,149,Kennedybrücke → A59,4.6,5.9,-1.3,fast
2026-07-16T21:48:05Z,14,Kölnstr. → Bertha,5.6,7.1,-1.5,fast
2026-07-16T22:40:55Z,12,A59 → Kennedybrücke,6.1,7.4,-1.3,fast
2026-07-16T22:40:55Z,149,Kennedybrücke → A59,4.8,5.9,-1.1,fast
2026-07-16T22:40:55Z,14,Kölnstr. → Bertha,5.6,7.1,-1.5,fast
2026-07-16T23:34:53Z,12,A59 → Kennedybrücke,6.1,7.4,-1.3,fast
2026-07-16T23:34:53Z,149,Kennedybrücke → A59,4.2,5.9,-1.7,fast
2026-07-16T23:34:53Z,14,Kölnstr. → Bertha,5.6,7.1,-1.5,fast
2026-07-17T01:06:05Z,12,A59 → Kennedybrücke,6.1,7.4,-1.3,fast
2026-07-17T01:06:05Z,149,Kennedybrücke → A59,4.3,5.9,-1.6,fast
2026-07-17T01:06:05Z,14,Kölnstr. → Bertha,5.6,7.1,-1.5,fast
2026-07-17T04:16:50Z,12,A59 → Kennedybrücke,6.4,7.4,-1.0,fast
2026-07-17T04:16:50Z,149,Kennedybrücke → A59,5.5,5.9,-0.4,fast
2026-07-17T04:16:50Z,14,Kölnstr. → Bertha,4.1,7.1,-3.0,fast
2026-07-17T06:28:20Z,12,A59 → Kennedybrücke,11.5,7.4,4.1,slow
2026-07-17T06:28:20Z,149,Kennedybrücke → A59,8.1,5.9,2.2,moderate
2026-07-17T06:28:20Z,14,Kölnstr. → Bertha,6.2,7.1,-0.9,fast
2026-07-17T08:33:19Z,12,A59 → Kennedybrücke,11.9,7.4,4.5,slow
2026-07-17T08:33:19Z,149,Kennedybrücke → A59,6.9,5.9,1.0,moderate
2026-07-17T08:33:19Z,14,Kölnstr. → Bertha,7.5,7.1,0.4,moderate
2026-07-17T10:20:23Z,12,A59 → Kennedybrücke,15.4,7.4,8.0,slow
2026-07-17T10:20:23Z,149,Kennedybrücke → A59,8,5.9,2.1,moderate
2026-07-17T10:20:23Z,14,Kölnstr. → Bertha,12.5,7.1,5.4,slow
2026-07-17T11:44:01Z,12,A59 → Kennedybrücke,15.3,7.4,7.9,slow
2026-07-17T11:44:01Z,149,Kennedybrücke → A59,8.9,5.9,3.0,slow
2026-07-17T11:44:01Z,14,Kölnstr. → Bertha,21.9,7.1,14.8,slow
2026-07-17T12:47:42Z,12,A59 → Kennedybrücke,17.6,7.4,10.2,slow
2026-07-17T12:47:42Z,149,Kennedybrücke → A59,11.1,5.9,5.2,slow
2026-07-17T12:47:42Z,14,Kölnstr. → Bertha,15.2,7.1,8.1,slow
2026-07-17T14:18:24Z,12,A59 → Kennedybrücke,8.5,7.4,1.1,moderate
2026-07-17T14:18:24Z,149,Kennedybrücke → A59,9.1,5.9,3.2,slow
2026-07-17T14:18:24Z,14,Kölnstr. → Bertha,19.9,7.1,12.8,slow
2026-07-17T15:43:44Z,12,A59 → Kennedybrücke,8.3,7.4,0.9,moderate
2026-07-17T15:43:44Z,149,Kennedybrücke → A59,9.2,5.9,3.3,slow
2026-07-17T15:43:44Z,14,Kölnstr. → Bertha,11.2,7.1,4.1,slow
2026-07-17T16:45:47Z,12,A59 → Kennedybrücke,9,7.4,1.6,moderate
2026-07-17T16:45:47Z,149,Kennedybrücke → A59,10.1,5.9,4.2,slow
2026-07-17T16:45:47Z,14,Kölnstr. → Bertha,11.1,7.1,4.0,slow
2026-07-17T17:46:32Z,12,A59 → Kennedybrücke,8,7.4,0.6,moderate
2026-07-17T17:46:32Z,149,Kennedybrücke → A59,7.7,5.9,1.8,moderate
2026-07-17T17:46:32Z,14,Kölnstr. → Bertha,7.5,7.1,0.4,moderate
2026-07-17T18:41:29Z,12,A59 → Kennedybrücke,6.5,7.4,-0.9,fast
2026-07-17T18:41:29Z,149,Kennedybrücke → A59,7.2,5.9,1.3,moderate
2026-07-17T18:41:29Z,14,Kölnstr. → Bertha,5.8,7.1,-1.3,fast
2026-07-17T19:44:07Z,12,A59 → Kennedybrücke,6.5,7.4,-0.9,fast
2026-07-17T19:44:07Z,149,Kennedybrücke → A59,5.9,5.9,0.0,fast
2026-07-17T19:44:07Z,14,Kölnstr. → Bertha,5.8,7.1,-1.3,fast
2026-07-17T20:32:12Z,12,A59 → Kennedybrücke,6.5,7.4,-0.9,fast
2026-07-17T20:32:12Z,149,Kennedybrücke → A59,6.4,5.9,0.5,moderate
2026-07-17T20:32:12Z,14,Kölnstr. → Bertha,5.8,7.1,-1.3,fast
2026-07-17T21:22:55Z,12,A59 → Kennedybrücke,6.5,7.4,-0.9,fast
2026-07-17T21:22:55Z,149,Kennedybrücke → A59,5.2,5.9,-0.7,fast
2026-07-17T21:22:55Z,14,Kölnstr. → Bertha,5.8,7.1,-1.3,fast
2026-07-17T22:09:48Z,12,A59 → Kennedybrücke,6.5,7.4,-0.9,fast
2026-07-17T22:09:48Z,149,Kennedybrücke → A59,4.8,5.9,-1.1,fast
2026-07-17T22:09:48Z,14,Kölnstr. → Bertha,5.8,7.1,-1.3,fast
2026-07-17T23:04:15Z,12,A59 → Kennedybrücke,6.5,7.4,-0.9,fast
2026-07-17T23:04:15Z,149,Kennedybrücke → A59,4.8,5.9,-1.1,fast
2026-07-17T23:04:15Z,14,Kölnstr. → Bertha,5.8,7.1,-1.3,fast
2026-07-17T23:59:12Z,12,A59 → Kennedybrücke,6.5,7.4,-0.9,fast
2026-07-17T23:59:12Z,149,Kennedybrücke → A59,4.6,5.9,-1.3,fast
2026-07-17T23:59:12Z,14,Kölnstr. → Bertha,5.8,7.1,-1.3,fast
2026-07-18T02:10:43Z,12,A59 → Kennedybrücke,6.5,7.4,-0.9,fast
2026-07-18T02:10:43Z,149,Kennedybrücke → A59,4.3,5.9,-1.6,fast
2026-07-18T02:10:43Z,14,Kölnstr. → Bertha,5.8,7.1,-1.3,fast
2026-07-18T05:04:20Z,12,A59 → Kennedybrücke,4.6,7.4,-2.8,fast
2026-07-18T05:04:20Z,149,Kennedybrücke → A59,5.2,5.9,-0.7,fast
2026-07-18T05:04:20Z,14,Kölnstr. → Bertha,4.2,7.1,-2.9,fast
2026-07-18T07:03:49Z,12,A59 → Kennedybrücke,7.5,7.4,0.1,moderate
2026-07-18T07:03:49Z,149,Kennedybrücke → A59,5.8,5.9,-0.1,fast
2026-07-18T07:03:49Z,14,Kölnstr. → Bertha,4.6,7.1,-2.5,fast
2026-07-18T08:54:40Z,12,A59 → Kennedybrücke,7.8,7.4,0.4,moderate
2026-07-18T08:54:40Z,149,Kennedybrücke → A59,7,5.9,1.1,moderate
2026-07-18T08:54:40Z,14,Kölnstr. → Bertha,5.5,7.1,-1.6,fast
2026-07-18T10:06:31Z,12,A59 → Kennedybrücke,8.9,7.4,1.5,moderate
2026-07-18T10:06:31Z,149,Kennedybrücke → A59,8.1,5.9,2.2,moderate
2026-07-18T10:06:31Z,14,Kölnstr. → Bertha,7.9,7.1,0.8,moderate
2026-07-18T11:13:36Z,12,A59 → Kennedybrücke,10.6,7.4,3.2,moderate
2026-07-18T11:13:36Z,149,Kennedybrücke → A59,10.1,5.9,4.2,slow
2026-07-18T11:13:36Z,14,Kölnstr. → Bertha,8.3,7.1,1.2,moderate
2026-07-18T12:03:17Z,12,A59 → Kennedybrücke,10.8,7.4,3.4,moderate
2026-07-18T12:03:17Z,149,Kennedybrücke → A59,9,5.9,3.1,slow
2026-07-18T12:03:17Z,14,Kölnstr. → Bertha,8.5,7.1,1.4,moderate
2026-07-18T13:39:51Z,12,A59 → Kennedybrücke,8.8,7.4,1.4,moderate
2026-07-18T13:39:51Z,149,Kennedybrücke → A59,9.4,5.9,3.5,slow
2026-07-18T13:39:51Z,14,Kölnstr. → Bertha,10.5,7.1,3.4,moderate
2026-07-18T14:37:35Z,12,A59 → Kennedybrücke,8.1,7.4,0.7,moderate
2026-07-18T14:37:35Z,149,Kennedybrücke → A59,8.1,5.9,2.2,moderate
2026-07-18T14:37:35Z,14,Kölnstr. → Bertha,8.7,7.1,1.6,moderate
2026-07-18T15:32:14Z,12,A59 → Kennedybrücke,7,7.4,-0.4,fast
2026-07-18T15:32:14Z,149,Kennedybrücke → A59,7.7,5.9,1.8,moderate
2026-07-18T15:32:14Z,14,Kölnstr. → Bertha,7.4,7.1,0.3,moderate
2026-07-18T16:28:10Z,12,A59 → Kennedybrücke,9.3,7.4,1.9,moderate
2026-07-18T16:28:10Z,149,Kennedybrücke → A59,8.3,5.9,2.4,moderate
2026-07-18T16:28:10Z,14,Kölnstr. → Bertha,9.4,7.1,2.3,moderate
2026-07-18T17:28:47Z,12,A59 → Kennedybrücke,7.4,7.4,0.0,fast
2026-07-18T17:28:47Z,149,Kennedybrücke → A59,10.1,5.9,4.2,slow
2026-07-18T17:28:47Z,14,Kölnstr. → Bertha,7,7.1,-0.1,fast
2026-07-18T18:26:07Z,12,A59 → Kennedybrücke,5.9,7.4,-1.5,fast
2026-07-18T18:26:07Z,149,Kennedybrücke → A59,6.8,5.9,0.9,moderate
2026-07-18T18:26:07Z,14,Kölnstr. → Bertha,5.7,7.1,-1.4,fast
2026-07-18T19:37:59Z,12,A59 → Kennedybrücke,5.9,7.4,-1.5,fast
2026-07-18T19:37:59Z,149,Kennedybrücke → A59,5.9,5.9,0.0,fast
2026-07-18T19:37:59Z,14,Kölnstr. → Bertha,5.7,7.1,-1.4,fast
2026-07-18T20:24:16Z,12,A59 → Kennedybrücke,5.9,7.4,-1.5,fast
2026-07-18T20:24:16Z,149,Kennedybrücke → A59,6,5.9,0.1,moderate
2026-07-18T20:24:16Z,14,Kölnstr. → Bertha,5.7,7.1,-1.4,fast
2026-07-18T21:09:29Z,12,A59 → Kennedybrücke,5.9,7.4,-1.5,fast
2026-07-18T21:09:29Z,149,Kennedybrücke → A59,5.9,5.9,0.0,fast
2026-07-18T21:09:29Z,14,Kölnstr. → Bertha,5.7,7.1,-1.4,fast
2026-07-18T22:02:57Z,12,A59 → Kennedybrücke,5.9,7.4,-1.5,fast
2026-07-18T22:02:57Z,149,Kennedybrücke → A59,5.7,5.9,-0.2,fast
2026-07-18T22:02:57Z,14,Kölnstr. → Bertha,5.7,7.1,-1.4,fast
2026-07-18T22:57:00Z,12,A59 → Kennedybrücke,5.9,7.4,-1.5,fast
2026-07-18T22:57:00Z,149,Kennedybrücke → A59,5,5.9,-0.9,fast
2026-07-18T22:57:00Z,14,Kölnstr. → Bertha,5.7,7.1,-1.4,fast
2026-07-18T23:43:30Z,12,A59 → Kennedybrücke,5.9,7.4,-1.5,fast
2026-07-18T23:43:30Z,149,Kennedybrücke → A59,4.6,5.9,-1.3,fast
2026-07-18T23:43:30Z,14,Kölnstr. → Bertha,5.7,7.1,-1.4,fast
2026-07-19T01:09:54Z,12,A59 → Kennedybrücke,5.9,7.4,-1.5,fast
2026-07-19T01:09:54Z,149,Kennedybrücke → A59,4.2,5.9,-1.7,fast
2026-07-19T01:09:54Z,14,Kölnstr. → Bertha,5.7,7.1,-1.4,fast
2026-07-19T04:31:52Z,12,A59 → Kennedybrücke,3.8,7.4,-3.6,fast
2026-07-19T04:31:52Z,149,Kennedybrücke → A59,4.5,5.9,-1.4,fast
2026-07-19T04:31:52Z,14,Kölnstr. → Bertha,3.4,7.1,-3.7,fast
2026-07-19T07:05:07Z,12,A59 → Kennedybrücke,4.9,7.4,-2.5,fast
2026-07-19T07:05:07Z,149,Kennedybrücke → A59,4.7,5.9,-1.2,fast
2026-07-19T07:05:07Z,14,Kölnstr. → Bertha,4,7.1,-3.1,fast
2026-07-19T09:10:59Z,12,A59 → Kennedybrücke,6.3,7.4,-1.1,fast
2026-07-19T09:10:59Z,149,Kennedybrücke → A59,6.2,5.9,0.3,moderate
2026-07-19T09:10:59Z,14,Kölnstr. → Bertha,4.6,7.1,-2.5,fast
2026-07-19T10:41:53Z,12,A59 → Kennedybrücke,6.9,7.4,-0.5,fast
2026-07-19T10:41:53Z,149,Kennedybrücke → A59,6.9,5.9,1.0,moderate
2026-07-19T10:41:53Z,14,Kölnstr. → Bertha,6.1,7.1,-1.0,fast
2026-07-19T11:41:18Z,12,A59 → Kennedybrücke,7.6,7.4,0.2,moderate
2026-07-19T11:41:18Z,149,Kennedybrücke → A59,8.4,5.9,2.5,moderate
2026-07-19T11:41:18Z,14,Kölnstr. → Bertha,7.5,7.1,0.4,moderate
2026-07-19T12:33:28Z,12,A59 → Kennedybrücke,8.7,7.4,1.3,moderate
2026-07-19T12:33:28Z,149,Kennedybrücke → A59,7.5,5.9,1.6,moderate
2026-07-19T12:33:28Z,14,Kölnstr. → Bertha,6.8,7.1,-0.3,fast
2026-07-19T14:05:21Z,12,A59 → Kennedybrücke,6.6,7.4,-0.8,fast
2026-07-19T14:05:21Z,149,Kennedybrücke → A59,6.6,5.9,0.7,moderate
2026-07-19T14:05:21Z,14,Kölnstr. → Bertha,5.4,7.1,-1.7,fast
2026-07-19T15:06:19Z,12,A59 → Kennedybrücke,8.7,7.4,1.3,moderate
2026-07-19T15:06:19Z,149,Kennedybrücke → A59,6.4,5.9,0.5,moderate
2026-07-19T15:06:19Z,14,Kölnstr. → Bertha,5.5,7.1,-1.6,fast
2026-07-19T16:04:26Z,12,A59 → Kennedybrücke,8.4,7.4,1.0,moderate
2026-07-19T16:04:26Z,149,Kennedybrücke → A59,6.4,5.9,0.5,moderate
2026-07-19T16:04:26Z,14,Kölnstr. → Bertha,6,7.1,-1.1,fast
2026-07-19T17:09:09Z,12,A59 → Kennedybrücke,6.3,7.4,-1.1,fast
2026-07-19T17:09:09Z,149,Kennedybrücke → A59,6.9,5.9,1.0,moderate
2026-07-19T17:09:09Z,14,Kölnstr. → Bertha,5.2,7.1,-1.9,fast
2026-07-19T18:04:56Z,12,A59 → Kennedybrücke,6.2,7.4,-1.2,fast
2026-07-19T18:04:56Z,149,Kennedybrücke → A59,7.4,5.9,1.5,moderate
2026-07-19T18:04:56Z,14,Kölnstr. → Bertha,5.2,7.1,-1.9,fast
2026-07-19T19:18:52Z,12,A59 → Kennedybrücke,6.2,7.4,-1.2,fast
2026-07-19T19:18:52Z,149,Kennedybrücke → A59,9.2,5.9,3.3,slow
2026-07-19T19:18:52Z,14,Kölnstr. → Bertha,5.2,7.1,-1.9,fast
2026-07-19T20:12:10Z,12,A59 → Kennedybrücke,6.2,7.4,-1.2,fast
2026-07-19T20:12:10Z,149,Kennedybrücke → A59,5.7,5.9,-0.2,fast
2026-07-19T20:12:10Z,14,Kölnstr. → Bertha,5.2,7.1,-1.9,fast
2026-07-19T21:05:26Z,12,A59 → Kennedybrücke,6.2,7.4,-1.2,fast
2026-07-19T21:05:26Z,149,Kennedybrücke → A59,5.1,5.9,-0.8,fast
2026-07-19T21:05:26Z,14,Kölnstr. → Bertha,5.2,7.1,-1.9,fast
2026-07-19T22:01:41Z,12,A59 → Kennedybrücke,6.2,7.4,-1.2,fast
2026-07-19T22:01:41Z,149,Kennedybrücke → A59,4.3,5.9,-1.6,fast
2026-07-19T22:01:41Z,14,Kölnstr. → Bertha,5.2,7.1,-1.9,fast
2026-07-19T22:56:26Z,12,A59 → Kennedybrücke,6.2,7.4,-1.2,fast
2026-07-19T22:56:26Z,149,Kennedybrücke → A59,5.6,5.9,-0.3,fast
2026-07-19T22:56:26Z,14,Kölnstr. → Bertha,5.2,7.1,-1.9,fast
2026-07-19T23:45:58Z,12,A59 → Kennedybrücke,6.2,7.4,-1.2,fast
2026-07-19T23:45:58Z,149,Kennedybrücke → A59,4.4,5.9,-1.5,fast
2026-07-19T23:45:58Z,14,Kölnstr. → Bertha,5.2,7.1,-1.9,fast
2026-07-20T01:14:10Z,12,A59 → Kennedybrücke,6.2,7.4,-1.2,fast
2026-07-20T01:14:10Z,149,Kennedybrücke → A59,4.3,5.9,-1.6,fast
2026-07-20T01:14:10Z,14,Kölnstr. → Bertha,5.2,7.1,-1.9,fast
2026-07-20T04:51:43Z,12,A59 → Kennedybrücke,6.6,7.4,-0.8,fast
2026-07-20T04:51:43Z,149,Kennedybrücke → A59,7,5.9,1.1,moderate
2026-07-20T04:51:43Z,14,Kölnstr. → Bertha,4.5,7.1,-2.6,fast
2026-07-20T07:47:18Z,12,A59 → Kennedybrücke,8.6,7.4,1.2,moderate
2026-07-20T07:47:18Z,149,Kennedybrücke → A59,7,5.9,1.1,moderate
2026-07-20T07:47:18Z,14,Kölnstr. → Bertha,7.3,7.1,0.2,moderate
2026-07-20T10:31:26Z,12,A59 → Kennedybrücke,9.9,7.4,2.5,moderate
2026-07-20T10:31:26Z,149,Kennedybrücke → A59,10.6,5.9,4.7,slow
2026-07-20T10:31:26Z,14,Kölnstr. → Bertha,8.8,7.1,1.7,moderate
2026-07-20T12:32:39Z,12,A59 → Kennedybrücke,10.1,7.4,2.7,moderate
2026-07-20T12:32:39Z,149,Kennedybrücke → A59,9.1,5.9,3.2,slow
2026-07-20T12:32:39Z,14,Kölnstr. → Bertha,10.1,7.1,3.0,moderate
2026-07-20T14:40:44Z,12,A59 → Kennedybrücke,10.8,7.4,3.4,moderate
2026-07-20T14:40:44Z,149,Kennedybrücke → A59,12.1,5.9,6.2,slow
2026-07-20T14:40:44Z,14,Kölnstr. → Bertha,12.3,7.1,5.2,slow
2026-07-20T16:12:26Z,12,A59 → Kennedybrücke,8.2,7.4,0.8,moderate
2026-07-20T16:12:26Z,149,Kennedybrücke → A59,9.1,5.9,3.2,slow
2026-07-20T16:12:26Z,14,Kölnstr. → Bertha,11.2,7.1,4.1,slow
2026-07-20T18:17:28Z,12,A59 → Kennedybrücke,5.8,7.4,-1.6,fast
2026-07-20T18:17:28Z,149,Kennedybrücke → A59,6.1,5.9,0.2,moderate
2026-07-20T18:17:28Z,14,Kölnstr. → Bertha,5.2,7.1,-1.9,fast
2026-07-20T19:58:07Z,12,A59 → Kennedybrücke,5.8,7.4,-1.6,fast
2026-07-20T19:58:07Z,149,Kennedybrücke → A59,5.3,5.9,-0.6,fast
2026-07-20T19:58:07Z,14,Kölnstr. → Bertha,5.2,7.1,-1.9,fast
2026-07-20T21:05:56Z,12,A59 → Kennedybrücke,5.8,7.4,-1.6,fast
2026-07-20T21:05:56Z,149,Kennedybrücke → A59,5.1,5.9,-0.8,fast
2026-07-20T21:05:56Z,14,Kölnstr. → Bertha,5.2,7.1,-1.9,fast
2026-07-20T22:09:19Z,12,A59 → Kennedybrücke,5.8,7.4,-1.6,fast
2026-07-20T22:09:19Z,149,Kennedybrücke → A59,4.4,5.9,-1.5,fast
2026-07-20T22:09:19Z,14,Kölnstr. → Bertha,5.2,7.1,-1.9,fast
2026-07-20T23:12:01Z,12,A59 → Kennedybrücke,5.8,7.4,-1.6,fast
2026-07-20T23:12:01Z,149,Kennedybrücke → A59,4.5,5.9,-1.4,fast
2026-07-20T23:12:01Z,14,Kölnstr. → Bertha,5.2,7.1,-1.9,fast
2026-07-21T00:07:34Z,12,A59 → Kennedybrücke,5.8,7.4,-1.6,fast
2026-07-21T00:07:34Z,149,Kennedybrücke → A59,4,5.9,-1.9,fast
2026-07-21T00:07:34Z,14,Kölnstr. → Bertha,5.2,7.1,-1.9,fast
2026-07-21T03:36:46Z,12,A59 → Kennedybrücke,5.8,7.4,-1.6,fast
2026-07-21T03:36:46Z,149,Kennedybrücke → A59,4.5,5.9,-1.4,fast
2026-07-21T03:36:46Z,14,Kölnstr. → Bertha,5.2,7.1,-1.9,fast
2026-07-21T06:13:55Z,12,A59 → Kennedybrücke,12.1,7.4,4.7,slow
2026-07-21T06:13:55Z,149,Kennedybrücke → A59,6.7,5.9,0.8,moderate
2026-07-21T06:13:55Z,14,Kölnstr. → Bertha,8.6,7.1,1.5,moderate
2026-07-21T08:43:24Z,12,A59 → Kennedybrücke,13,7.4,5.6,slow
2026-07-21T08:43:24Z,149,Kennedybrücke → A59,6.5,5.9,0.6,moderate
2026-07-21T08:43:24Z,14,Kölnstr. → Bertha,7.6,7.1,0.5,moderate
2026-07-21T10:48:55Z,12,A59 → Kennedybrücke,9.9,7.4,2.5,moderate
2026-07-21T10:48:55Z,149,Kennedybrücke → A59,9.6,5.9,3.7,slow
2026-07-21T10:48:55Z,14,Kölnstr. → Bertha,11.3,7.1,4.2,slow
2026-07-21T12:12:19Z,12,A59 → Kennedybrücke,12,7.4,4.6,slow
2026-07-21T12:12:19Z,149,Kennedybrücke → A59,9.2,5.9,3.3,slow
2026-07-21T12:12:19Z,14,Kölnstr. → Bertha,8.7,7.1,1.6,moderate
2026-07-21T14:19:00Z,12,A59 → Kennedybrücke,10,7.4,2.6,moderate
2026-07-21T14:19:00Z,149,Kennedybrücke → A59,13.4,5.9,7.5,slow
2026-07-21T14:19:00Z,14,Kölnstr. → Bertha,13,7.1,5.9,slow
2026-07-21T15:55:15Z,12,A59 → Kennedybrücke,15.3,7.4,7.9,slow
2026-07-21T15:55:15Z,149,Kennedybrücke → A59,9,5.9,3.1,slow
2026-07-21T15:55:15Z,14,Kölnstr. → Bertha,14.5,7.1,7.4,slow
2026-07-21T17:03:54Z,12,A59 → Kennedybrücke,6.8,7.4,-0.6,fast
2026-07-21T17:03:54Z,149,Kennedybrücke → A59,8,5.9,2.1,moderate
2026-07-21T17:03:54Z,14,Kölnstr. → Bertha,8.4,7.1,1.3,moderate
2026-07-21T18:20:36Z,12,A59 → Kennedybrücke,6.1,7.4,-1.3,fast
2026-07-21T18:20:36Z,149,Kennedybrücke → A59,6,5.9,0.1,moderate
2026-07-21T18:20:36Z,14,Kölnstr. → Bertha,5,7.1,-2.1,fast
2026-07-21T19:55:37Z,12,A59 → Kennedybrücke,6.1,7.4,-1.3,fast
2026-07-21T19:55:37Z,149,Kennedybrücke → A59,6.3,5.9,0.4,moderate
2026-07-21T19:55:37Z,14,Kölnstr. → Bertha,5,7.1,-2.1,fast
2026-07-21T20:56:04Z,12,A59 → Kennedybrücke,6.1,7.4,-1.3,fast
2026-07-21T20:56:04Z,149,Kennedybrücke → A59,5.1,5.9,-0.8,fast
2026-07-21T20:56:04Z,14,Kölnstr. → Bertha,5,7.1,-2.1,fast
2026-07-21T21:52:57Z,12,A59 → Kennedybrücke,6.1,7.4,-1.3,fast
2026-07-21T21:52:57Z,149,Kennedybrücke → A59,4.7,5.9,-1.2,fast
2026-07-21T21:52:57Z,14,Kölnstr. → Bertha,5,7.1,-2.1,fast
2026-07-21T22:40:47Z,12,A59 → Kennedybrücke,6.1,7.4,-1.3,fast
2026-07-21T22:40:47Z,149,Kennedybrücke → A59,4.4,5.9,-1.5,fast
2026-07-21T22:40:47Z,14,Kölnstr. → Bertha,5,7.1,-2.1,fast
2026-07-21T23:37:35Z,12,A59 → Kennedybrücke,6.1,7.4,-1.3,fast
2026-07-21T23:37:35Z,149,Kennedybrücke → A59,3.9,5.9,-2.0,fast
2026-07-21T23:37:35Z,14,Kölnstr. → Bertha,5,7.1,-2.1,fast
2026-07-22T01:02:30Z,12,A59 → Kennedybrücke,6.1,7.4,-1.3,fast
2026-07-22T01:02:30Z,149,Kennedybrücke → A59,4.1,5.9,-1.8,fast
2026-07-22T01:02:30Z,14,Kölnstr. → Bertha,5,7.1,-2.1,fast
2026-07-22T04:21:11Z,12,A59 → Kennedybrücke,7.6,7.4,0.2,moderate
2026-07-22T04:21:11Z,149,Kennedybrücke → A59,4.1,5.9,-1.8,fast
2026-07-22T04:21:11Z,14,Kölnstr. → Bertha,4.5,7.1,-2.6,fast
2026-07-22T06:44:58Z,12,A59 → Kennedybrücke,12.8,7.4,5.4,slow
2026-07-22T06:44:58Z,149,Kennedybrücke → A59,4.1,5.9,-1.8,fast
2026-07-22T06:44:58Z,14,Kölnstr. → Bertha,9.8,7.1,2.7,moderate
2026-07-22T09:14:56Z,12,A59 → Kennedybrücke,11.4,7.4,4.0,slow
2026-07-22T09:14:56Z,149,Kennedybrücke → A59,4.1,5.9,-1.8,fast
2026-07-22T09:14:56Z,14,Kölnstr. → Bertha,10.7,7.1,3.6,slow
2026-07-22T11:19:58Z,12,A59 → Kennedybrücke,13.8,7.4,6.4,slow
2026-07-22T11:19:58Z,149,Kennedybrücke → A59,4.1,5.9,-1.8,fast
2026-07-22T11:19:58Z,14,Kölnstr. → Bertha,10.6,7.1,3.5,moderate
2026-07-22T12:48:30Z,12,A59 → Kennedybrücke,15.4,7.4,8.0,slow
2026-07-22T12:48:30Z,149,Kennedybrücke → A59,4.1,5.9,-1.8,fast
2026-07-22T12:48:30Z,14,Kölnstr. → Bertha,13.2,7.1,6.1,slow
2026-07-22T14:48:08Z,12,A59 → Kennedybrücke,18.7,7.4,11.3,slow
2026-07-22T14:48:08Z,149,Kennedybrücke → A59,4.1,5.9,-1.8,fast
2026-07-22T14:48:08Z,14,Kölnstr. → Bertha,13.9,7.1,6.8,slow
2026-07-22T16:08:46Z,12,A59 → Kennedybrücke,12.1,7.5,4.6,slow
2026-07-22T16:08:46Z,149,Kennedybrücke → A59,8.8,5.9,2.9,moderate
2026-07-22T16:08:46Z,14,Kölnstr. → Bertha,10.6,7.1,3.5,moderate
2026-07-22T17:37:19Z,12,A59 → Kennedybrücke,8.3,7.5,0.8,moderate
2026-07-22T17:37:19Z,149,Kennedybrücke → A59,8.2,5.9,2.3,moderate
2026-07-22T17:37:19Z,14,Kölnstr. → Bertha,7.6,7.1,0.5,moderate
2026-07-22T18:44:37Z,12,A59 → Kennedybrücke,5.9,7.5,-1.6,fast
2026-07-22T18:44:37Z,149,Kennedybrücke → A59,5.5,5.9,-0.4,fast
2026-07-22T18:44:37Z,14,Kölnstr. → Bertha,5.1,7.1,-2.0,fast
